ECG_mean,ECG_std,ECG_max,ECG_min,ECG_power,BP_mean,BP_std,BP_max,BP_min,BP_power,EEG (C4-A1)_mean,EEG (C4-A1)_std,EEG (C4-A1)_max,EEG (C4-A1)_min,EEG (C4-A1)_power,Resp (sum)_mean,Resp (sum)_std,Resp (sum)_max,Resp (sum)_min,Resp (sum)_power,H,HA,OA,X,CA,CAA,L,LA,A,W,1,2,3,4,R
0.09688333333333334,0.1317106287367205,0.975,-0.415,0.01787249639857099,62.601961580482985,18.37280462427292,127.46505699299675,39.139516679294566,339.9858133471922,-0.020676060134784863,0.03967808028647459,0.143701399688958,-0.16345256609642303,0.0011819167724274801,0.04267632850241546,0.4014475507616269,0.527536231884058,-0.8101449275362319,0.010324039756487002,0,0,0,0,0,0,1,1,1,0,0,0,0,1,0
0.09727999999999999,0.13155351864038706,0.975,-0.42,0.017514369494554847,64.59435135146448,18.860435080952172,127.25575476476523,39.34881890752609,367.43025637748127,-0.02127832037325039,0.04057668406782388,0.15427682737169518,-0.12130637636080871,0.0013056765924403856,0.03390821256038647,0.41104081152718575,0.5217391304347826,-0.8173913043478261,0.010854633105384148,0,0,0,0,0,0,1,1,1,0,0,0,0,1,0
0.09642733333333334,0.12909763509151598,0.96,-0.405,0.017815127921703835,62.35046402303999,18.08509620644988,127.46505699299675,38.72091222283152,340.47701247446895,-0.020330824261275273,0.03751540902289768,0.10497667185069985,-0.1629860031104199,0.0010689566816525615,0.035899323671497584,0.412619946629426,0.5115942028985507,-0.8173913043478261,0.010828426807926247,0,0,0,0,0,0,1,1,1,0,0,0,0,1,0
0.09708866666666666,0.1301976733210783,0.985,-0.4,0.017575633843512916,66.31523427198405,19.369386850277255,131.6511015576272,38.72091222283152,385.27401613840937,-0.020965785381026437,0.045690386507708756,0.13810264385692067,-0.14074650077760498,0.0014947609012183353,0.015172173913043468,0.42781302747018574,0.6652173913043479,-1.2246376811594204,0.012334705499912203,0,0,0,0,0,0,1,0,0,0,0,0,0,1,0
0.097416,0.12976793239214893,0.965,-0.41,0.017188985034833952,62.90899399581675,18.62512041980913,123.27901242836631,39.139516679294566,363.49062746240844,-0.02105146708138932,0.03590094354986337,0.12674961119751166,-0.14276827371695178,0.0010242788986247096,0.040113236714975846,0.3785705386554834,0.5101449275362319,-0.8855072463768116,0.00942540514323794,0,0,0,0,0,0,1,0,0,0,0,0,0,1,0
0.09768133333333331,0.13084967374136713,0.98,-0.4,0.01784584981308464,61.10821343804026,18.154020729116066,122.86040797190327,38.09300553813696,341.4453505995337,-0.020767713841368583,0.0383825357342106,0.15116640746500778,-0.11944012441679627,0.0013048842829937815,0.030021062801932376,0.4038134989861232,0.5347826086956522,-0.7898550724637681,0.009522535230385187,0,0,0,0,0,0,1,0,0,0,0,0,0,1,0
0.09715666666666667,0.1303609557685463,0.965,-0.415,0.017167240029758956,63.16202643626677,19.089650323945037,135.20923943756304,38.5116099946,365.82067943679453,-0.02112603421461897,0.04577835760047875,0.12534992223950234,-0.17045101088646966,0.0014576911850590387,0.0575727536231884,0.3883385537859507,0.5623188405797102,-0.8246376811594203,0.011896471487158968,0,0,0,0,0,0,1,0,0,0,0,0,0,1,0
0.09762266666666668,0.13174933884548423,0.97,-0.405,0.01738582662913039,61.78947823745199,18.026850594763584,121.81389683074566,37.883703309905435,338.82341594971945,-0.021182975635044062,0.03803342390917791,0.12441679626749612,-0.1412130637636081,0.0009917942106588142,0.03446512077294686,0.44167798690330096,0.8028985507246377,-0.8855072463768116,0.013344029634560897,0,0,0,0,0,0,1,0,0,0,0,0,0,1,0
0.09790133333333333,0.12952943911799442,0.965,-0.415,0.017224252926692645,62.08278042661375,18.239929947593126,123.69761688482936,38.72091222283152,342.38434235207234,-0.020601202695697256,0.03800896439611666,0.09455676516329704,-0.12332814930015552,0.001068412125366755,0.04872251207729468,0.40075337777234504,0.5362318840579711,-0.7623188405797101,0.010865053563223195,0,0,0,0,0,0,1,0,0,0,0,0,0,1,0
0.09721733333333334,0.13151733763863818,0.96,-0.415,0.018024893747520653,62.119059479507214,18.060944162132806,120.76738568958805,37.46509885344239,330.4225393028404,-0.020706148263348885,0.03933165742206665,0.12068429237947123,-0.12208398133748057,0.0012912250570218517,0.026395169082125605,0.4211775858105897,0.5782608695652174,-0.8521739130434782,0.011757986184978409,0,0,0,0,0,0,1,0,0,0,0,0,0,1,0
0.097732,0.13005494803863993,0.975,-0.405,0.017295034984378104,63.86556099276233,19.496236871797056,135.83714612225762,37.883703309905435,362.7049694844299,-0.020283089683773976,0.044046369157631035,0.16796267496111975,-0.1457231726283048,0.0014315778951780927,0.0484600966183575,0.42845847429397355,0.572463768115942,-0.908695652173913,0.011266294643713282,0,0,0,0,0,0,1,0,0,0,0,0,0,1,0
0.09737333333333333,0.13097944096519712,0.965,-0.41,0.01810739105942186,66.70205269671968,20.71591261665799,137.93016840457284,37.46509885344239,401.9954429480801,-0.021497978227060656,0.04403798134328173,0.17060653188180405,-0.2328149300155521,0.0013797297298003771,0.04049565217391305,0.8166664137219966,1.5492753623188407,-2.2072463768115944,0.02627760410254758,0,0,0,0,0,0,1,1,1,0,0,0,0,1,0
0.09813799999999999,0.1318100007182055,0.96,-0.43,0.01767685802398859,66.27382033775798,20.086792940997285,132.48831047055327,37.883703309905435,412.71067193051226,-0.02059398652151374,0.04217749251008284,0.17325038880248833,-0.17356143079315708,0.0015156270410549605,0.06492502415458938,0.3168024183216079,0.5840579710144927,-1.0391304347826087,0.0062840018052687,1,1,0,0,0,0,0,0,1,0,0,0,1,0,0
0.09746933333333332,0.1298842397145328,0.96,-0.4,0.01767670379388355,65.05688136889238,18.292726534218826,144.83714193621304,40.186027820452175,348.17358703486997,-0.022001410057024363,0.03637966721714024,0.123950233281493,-0.19766718506998446,0.0009617156752734821,0.02161468599033815,0.41861113977165904,0.591304347826087,-1.018840579710145,0.009699249437158395,1,0,0,0,0,0,1,1,1,0,0,0,1,0,0
0.09771466666666667,0.13043160628552508,0.96,-0.4,0.017615300959373855,63.47207280368707,17.85331419839685,119.51157232019892,39.139516679294566,340.70144950571546,-0.020000995334370143,0.02785997085966078,0.11990668740279938,-0.11850699844479004,0.0006179037908343892,0.025738164251207733,0.3748143137919537,0.4927536231884058,-0.8347826086956521,0.007671496321001318,0,0,0,0,0,0,1,1,1,0,0,0,1,0,0
0.09722800000000001,0.12997926507460078,0.96,-0.405,0.018256216967589264,63.22721710361995,17.947676342478605,118.46506117904131,38.72091222283152,338.8544636634628,-0.021016194919647485,0.02688816750832223,0.1188180404354588,-0.1370139968895801,0.0005606510566108305,0.04436811594202898,0.3662990750749395,0.5739130434782609,-0.7101449275362319,0.007070856201866669,0,0,0,0,0,0,1,1,1,0,0,1,0,0,0
0.09798333333333334,0.12955751511287264,0.955,-0.4,0.017025559254369882,63.32623101105535,18.12066651905839,121.81389683074566,39.34881890752609,338.0380632988544,-0.02070162778641783,0.018505554422962575,0.053188180404354586,-0.08895800933125972,0.0002956400940341811,0.028731980676328508,0.44589729388264077,0.5782608695652174,-0.8173913043478261,0.009480324480598556,0,0,0,0,0,0,1,1,1,0,0,1,0,0,0
0.09802466666666668,0.12840203032489617,0.955,-0.405,0.017099286575020148,63.255542671840615,18.7927262726829,132.69761269878478,37.883703309905435,366.0771494117378,-0.020794961119751165,0.023223783629931546,0.09875583203732503,-0.10855365474339036,0.00044996733649494146,0.07228173913043477,0.43173115073061513,0.5826086956521739,-0.7971014492753623,0.009816134127526105,0,0,0,0,0,0,1,1,1,0,0,1,0,0,0
0.09885533333333332,0.12972812495711517,0.96,-0.405,0.01712817835823338,62.930091660422484,19.27220245658055,134.99993720933153,37.46509885344239,375.3434758577071,-0.02106500777604977,0.030820754802940064,0.1088646967340591,-0.14354587869362365,0.0006536842480182134,0.03679594202898552,0.43675066875383356,0.5710144927536231,-0.8565217391304348,0.011007235847467376,0,0,0,0,0,0,1,1,1,0,0,0,1,0,0
0.097716,0.12848837824488252,0.96,-0.405,0.01714272965558203,63.77045406025392,19.390816164419515,134.16272829640545,36.20928548405326,365.5755558423708,-0.020727672369103164,0.029069288675952338,0.1181959564541213,-0.1150855365474339,0.0006556849099716913,-0.0003228985507246307,0.44922895278490216,0.5782608695652174,-0.9043478260869565,0.010916752618401731,0,0,0,0,0,0,1,1,1,0,0,0,1,0,0
0.098276,0.12901070171630463,0.98,-0.41,0.017250203869735838,62.35423146314816,18.563814748015005,127.46505699299675,38.930214451063044,360.6175522957033,-0.02087701399688958,0.026422220229463826,0.17667185069984448,-0.13996889580093314,0.000605503380573407,0.07486685990338164,0.4230595189389195,0.5695652173913044,-0.827536231884058,0.009307582055674186,0,0,0,0,0,0,1,1,1,0,0,0,1,0,0
0.09835266666666666,0.12768762518827823,0.96,-0.395,0.01692721819632126,62.03907812135901,18.47549121441296,122.2325012872087,37.883703309905435,350.5357844833371,-0.020801016070502852,0.03022426293006264,0.10248833592534992,-0.12441679626749612,0.0007359588855694129,0.020102608695652176,0.4668382574699691,0.5971014492753624,-0.8710144927536232,0.011817622275904553,0,0,0,0,0,0,1,1,1,0,0,0,1,0,0
0.09868133333333333,0.12960584265979508,0.96,-0.405,0.017196313484239317,60.515023016268366,18.02430491089327,120.55808346135653,37.25579662521087,333.5617163641516,-0.02084377397615345,0.02925488022813474,0.12503888024883358,-0.11866251944012442,0.0006370845365331134,0.037048695652173905,0.4466608935611142,0.5956521739130435,-0.8623188405797102,0.010508639420373458,0,0,0,0,0,0,1,1,1,0,0,0,1,0,0
0.09836133333333334,0.1304859434507113,0.965,-0.405,0.017832366299540926,61.998361861227046,18.48778035792301,124.32552356952392,37.04649439697935,340.894399460867,-0.020667910834629342,0.02927506797151723,0.09751166407465008,-0.11321928460342146,0.0006708419459842159,0.04241294685990338,0.4518131976858968,0.572463768115942,-0.8710144927536232,0.01108797217619203,0,0,0,0,0,0,0,0,0,0,0,0,1,0,0
0.09858533333333332,0.12906625708612698,0.975,-0.4,0.017087099387744352,62.56816624736453,19.15661313600188,129.76738150354348,37.67440108167391,365.83738714233436,-0.021235914981855883,0.03673504841763942,0.11073094867807154,-0.1401244167962675,0.0010363051893191057,0.012047922705314018,0.4531060616533849,0.6202898550724638,-0.8579710144927536,0.011261876018156935,0,0,0,0,0,0,1,1,1,0,0,0,1,0,0
0.09885933333333333,0.12956000751089136,0.98,-0.4,0.01733544837497666,62.94276142197143,18.744341578171635,128.30226590592284,39.55812113575761,356.77961561989287,-0.02036087091757387,0.04539022549437323,0.17573872472783825,-0.19284603421461896,0.0015936572317119993,0.06478995169082127,0.44138047037314615,0.6260869565217392,-0.9333333333333333,0.010027064640509958,0,0,0,0,0,0,1,1,1,0,0,0,1,0,0
0.09812599999999999,0.12817151838064492,0.97,-0.405,0.017495426300352928,60.304018463247225,18.648733193700235,126.41854585183914,36.20928548405326,348.6398412597953,-0.02185791601866252,0.033459081960389124,0.09082426127527216,-0.12612752721617418,0.0008530528665638506,0.02928502415458938,0.4439372244314746,0.5797101449275363,-0.927536231884058,0.010459165814781308,0,0,0,0,0,0,1,1,1,0,0,0,1,0,0
0.09884133333333332,0.1290944001815037,0.965,-0.405,0.017192666711579162,61.840101469720246,18.68746565519908,125.9999413953761,38.09300553813696,355.6988090168838,-0.019902830482115087,0.02790953069825649,0.09860031104199067,-0.09362363919129083,0.0006485843654450459,0.04589217391304346,0.43261749522113246,0.553623188405797,-0.8391304347826087,0.011143977036010172,0,0,0,0,0,0,1,0,0,0,0,0,1,0,0
0.09846666666666666,0.13025785538265586,0.98,-0.4,0.017845133424495997,61.26837150308302,18.242925527162665,119.93017677666197,38.09300553813696,348.43704071824516,-0.020970782789009847,0.03945337815050934,0.16998444790046657,-0.14618973561430793,0.0011381715823546757,0.019010434782608703,0.41162801316573233,0.5579710144927537,-0.7942028985507247,0.009891824040300593,0,0,0,0,0,0,1,0,0,0,0,0,1,0,0
0.098446,0.1290834423309202,0.965,-0.4,0.017300359610636605,62.150901325162174,18.90390611016952,125.16273248245001,37.25579662521087,356.426826076813,-0.02087124935199585,0.04267396441220993,0.12986003110419908,-0.1558320373250389,0.0013222244320939824,0.07067536231884058,0.45441376320194743,0.5768115942028985,-0.9043478260869565,0.01251270500287597,0,0,0,0,0,0,1,1,1,0,0,0,0,1,0
0.09908133333333334,0.12860325054817065,0.96,-0.4,0.01672925871021001,61.40824120546921,18.314681925315046,120.97668791781958,37.883703309905435,345.78898611504894,-0.020542851218247796,0.03535758230801072,0.12255054432348367,-0.13670295489891135,0.0008941295152870219,-0.0045259903381642515,0.44538136783038496,0.5884057971014492,-0.9202898550724637,0.010885471505172419,0,0,0,0,0,0,1,1,1,0,0,0,0,1,0
0.09821066666666665,0.13024898573970634,0.99,-0.4,0.017906357936679076,63.54301230557567,18.68725623053297,136.6743550351837,40.186027820452175,357.10917530478383,-0.020943328149300153,0.042891038106520576,0.1088646967340591,-0.1692068429237947,0.0013454359931561204,0.06375342995169081,0.46682464551670616,0.6260869565217392,-0.972463768115942,0.012153521631285469,0,0,0,0,0,0,1,1,1,0,0,0,0,1,0
0.09829466666666667,0.1254533851206185,0.97,-0.4,0.01679141274742527,59.7568466247225,18.236978140534642,122.86040797190327,35.99998325582174,331.91737732840926,-0.020613644375324,0.0390964137194375,0.14416796267496113,-0.14758942457231727,0.0011234437158142098,0.032976618357487934,0.4392257512465642,0.5811594202898551,-0.9521739130434783,0.01082651887055206,0,0,0,0,0,0,1,0,0,0,0,0,0,1,0
0.09860266666666666,0.12969551827089307,0.97,-0.405,0.017153542017375532,62.21179432009566,18.313602491754732,120.97668791781958,37.46509885344239,344.0626343782788,-0.020000062208398135,0.04093191800349824,0.12223950233281493,-0.1370139968895801,0.0011661676089639778,0.025074589371980673,0.4334963696929476,0.572463768115942,-0.8173913043478261,0.011327318017756322,0,0,0,0,0,0,1,1,1,0,0,0,0,1,0
0.09871333333333333,0.12885862209758758,0.995,-0.395,0.01802294958171641,63.42117050178116,18.799075131277238,132.48831047055327,37.883703309905435,342.64785979500454,-0.021743141524105752,0.040625025105982246,0.14292379471228617,-0.13872472783825818,0.0011650891194678156,0.02018202898550724,0.4441327444534305,0.5985507246376811,-0.8898550724637682,0.010788232773059491,0,0,0,0,0,0,1,1,1,0,0,0,0,1,0
0.09870333333333335,0.1277495283313754,0.975,-0.395,0.017774229270014832,61.44041793468933,18.549646999967138,126.20924362360762,37.883703309905435,337.76355552489895,-0.021481617418351476,0.03844774518485782,0.15318818040435458,-0.15614307931570762,0.0010292042648506426,0.07175149758454107,0.4173979295146056,0.5739130434782609,-0.8463768115942029,0.009843554993652675,0,0,0,0,0,0,1,1,1,0,0,0,0,1,0
0.09881333333333334,0.12889798998519034,0.97,-0.39,0.015468712289905404,63.70872385640751,19.74230394867359,133.32551938347936,37.883703309905435,394.1010104471041,-0.01983726283048211,0.0403071518361783,0.1681181959564541,-0.15334370139968895,0.0013031260159833125,0.018330434782608693,0.48330891991447156,0.7884057971014493,-1.5014492753623188,0.014138955446764715,1,1,0,0,0,0,1,1,1,0,0,0,0,1,0
0.09821266666666667,0.12790752690735427,0.99,-0.395,0.0176522552926629,63.07057531601148,18.569315478683354,119.93017677666197,37.883703309905435,352.9237058939525,-0.021282467599792642,0.04099194815769676,0.17278382581648521,-0.1636080870917574,0.0011326517644492423,0.04903323671497585,0.3820510376316863,0.5202898550724637,-0.744927536231884,0.009569612352559646,0,0,0,0,0,0,0,0,0,0,0,0,0,1,0
0.09900933333333332,0.12852428530394125,0.965,-0.395,0.017199498889186253,64.14245388723074,19.52887403064953,138.76737731749893,38.30230776636848,369.6122811087391,-0.02042840850181441,0.03785758537222952,0.15241057542768274,-0.13716951788491447,0.0011064258721584482,0.038143381642512075,0.4329850703716376,0.7072463768115942,-0.991304347826087,0.01289772609320323,0,0,0,0,0,0,1,1,1,0,0,0,0,1,0
0.09811333333333332,0.12779681981784818,0.98,-0.395,0.01714514990050204,61.97852000999069,18.65853354293549,121.60459460251414,38.30230776636848,363.2196316978092,-0.021102871954380507,0.044690173414643486,0.176049766718507,-0.1791601866251944,0.0014337564431216472,0.009218357487922707,0.4033842592052593,0.5971014492753624,-0.8710144927536232,0.010514181406304826,0,0,0,0,0,0,0,0,0,0,0,0,1,0,0
0.09915,0.13071725530064243,0.98,-0.395,0.017495712964567905,63.04640788539169,18.538179417061873,126.62784808007066,39.97672559222065,359.9020731273292,-0.020072783825816485,0.03410581802264664,0.09035769828926905,-0.12534992223950234,0.0007216254763529496,0.04903053140096618,0.3982530812905213,0.5942028985507246,-0.9217391304347826,0.010198764808450632,0,0,0,0,0,0,0,0,0,0,0,0,1,0,0
0.09866666666666667,0.12999929059635498,0.99,-0.4,0.017366639318720775,65.28722544780211,19.109598198714412,127.67435922122827,41.232538961609784,376.21593725992403,-0.021458019699326075,0.03720078048002096,0.13919129082426127,-0.14618973561430793,0.0009926867175439446,0.052010241545893725,0.3719238701886741,0.5173913043478261,-0.736231884057971,0.009261985217572943,0,0,0,0,0,0,0,0,0,0,0,0,1,0,0
0.09897333333333333,0.12925785323229774,0.98,-0.385,0.016552921973554287,62.75087313912877,18.829682900037955,124.95343025421849,38.72091222283152,367.1308493843042,-0.020568543286677034,0.030714969805145386,0.09206842923794713,-0.15660964230171073,0.0007338719728659059,0.040885217391304345,0.37115548940915116,0.5652173913043478,-0.8057971014492754,0.009608658211586506,0,0,0,0,0,0,0,0,0,0,0,0,1,0,0
0.09886,0.13077589125421143,0.985,-0.39,0.01747934786304842,65.33743007561392,19.478240321738156,131.6511015576272,41.232538961609784,399.2579378687449,-0.021274795230689477,0.03841610777376555,0.17636080870917573,-0.17791601866251944,0.001028534773899974,0.038123864734299524,0.42214234130082623,0.5971014492753624,-0.8855072463768116,0.011441572133888802,0,0,0,0,0,0,0,0,0,0,0,1,0,0,0
0.099018,0.12943453561292415,0.985,-0.38,0.01715156734369615,67.87891726561988,19.95479932538359,133.53482161171087,41.65114341807283,393.8007776085759,-0.02050874027993779,0.03442838465186268,0.13468118195956455,-0.13561430793157075,0.0008721863765442751,0.03184019323671499,0.38417272631739935,0.5391304347826087,-0.7942028985507247,0.009314464765322668,0,0,0,0,0,0,0,0,0,0,0,0,1,0,0
0.09863800000000002,0.12802240021183794,0.985,-0.39,0.017079797686278108,64.91056515787666,19.86115731198984,130.39528818823806,41.02323673337826,398.54310472796317,-0.02041795749092794,0.02123275244937897,0.09020217729393468,-0.10031104199066875,0.00032610089327411284,0.04619497584541063,0.3607781654564616,0.6173913043478261,-0.7710144927536232,0.009616439283101186,0,0,0,0,0,0,0,0,0,0,0,1,0,0,0
0.09860266666666666,0.130269723239473,0.97,-0.4,0.017361586764900887,66.04738323377525,19.11392169171687,128.51156813415434,42.06974787453587,404.3172236347701,-0.020802301710730952,0.019502702446155398,0.05054432348367029,-0.08895800933125972,0.0002993711669506203,-0.003645603864734295,0.38399419147959746,0.6028985507246377,-0.9536231884057971,0.010353065318383904,1,0,0,0,0,0,0,0,0,0,0,1,0,0,0
0.09923133333333334,0.13293394030453204,0.99,-0.395,0.018187936346218448,71.00432976542801,20.51239004941266,144.2092352515185,43.53486347215652,405.52599088649777,-0.020888252980819075,0.02613123183478822,0.15241057542768274,-0.1312597200622084,0.000524324075079673,0.0778695652173913,0.429776454627497,0.6202898550724638,-1.0130434782608695,0.010677074448891672,0,0,0,0,0,0,0,0,0,0,0,1,0,0,0
0.09909866666666667,0.12900659258950897,0.975,-0.385,0.017399872107499752,64.223021291618,19.338703798090272,123.27901242836631,39.55812113575761,395.75206244691907,-0.02112398133748056,0.022104549308308307,0.08662519440124417,-0.1119751166407465,0.00041537113419256824,0.03169178743961352,0.36147082479631837,0.5623188405797102,-0.9173913043478261,0.008844183210047797,0,0,0,0,0,0,0,0,0,0,0,1,0,0,0
0.09868866666666666,0.1305615451484684,0.97,-0.395,0.01762374297124606,64.5233281286846,19.44628196563922,126.62784808007066,41.02323673337826,407.6903743181634,-0.02021777086573354,0.01667145009301298,0.042301710730948676,-0.07465007776049767,0.00023202139608503357,0.013405217391304344,0.34716315760559,0.4956521739130435,-0.7144927536231884,0.009172664199512102,1,0,0,0,0,0,0,0,0,0,0,1,0,0,0
0.09887666666666667,0.13261435865780982,0.98,-0.395,0.018309717857049993,65.90134609239716,20.28897876626484,132.48831047055327,39.139516679294566,433.6446931103651,-0.020744136858475894,0.02012824392081136,0.11399688958009331,-0.11850699844479004,0.00032896756524560867,0.057859710144927544,0.42051355025305165,0.5739130434782609,-0.7913043478260869,0.01161263257083073,0,0,0,0,0,0,0,0,0,0,0,1,0,0,0
0.09891533333333334,0.13029645747891827,0.99,-0.39,0.017816591002964306,67.16876875871222,20.219869664995016,131.8604037858587,39.76742336398913,426.11315033113453,-0.02096080870917574,0.014401378904049564,0.05863141524105754,-0.0833592534992224,0.00018486101938958098,0.034394009661835756,0.4919799410030139,0.6507246376811594,-1.036231884057971,0.014131172222048911,0,0,0,0,0,0,0,0,0,0,0,1,0,0,0
0.099334,0.13043348155541454,0.985,-0.415,0.01742963382776438,65.02579301125907,19.911065613502572,132.48831047055327,40.60463227691522,410.9140111371865,-0.02038540176257128,0.016489184087433332,0.0807153965785381,-0.08849144634525662,0.00023880325495835564,0.03254434782608695,0.4598480509731893,0.6666666666666666,-0.9550724637681159,0.013128282731642463,0,0,0,0,0,0,0,0,0,0,0,1,0,0,0
0.099098,0.12951042324590453,0.98,-0.385,0.017623103780636112,64.60565367178899,19.65171871762983,127.8836614494598,42.488352330998914,404.76649333708224,-0.020771197511664074,0.019216996753089223,0.06594090202177294,-0.09440124416796268,0.00033187879331589623,0.03883478260869564,0.3709635796437572,0.5028985507246376,-0.7492753623188406,0.009720426286993709,0,0,0,0,0,0,0,0,0,0,0,1,0,0,0
0.09953333333333333,0.1308599590741526,0.97,-0.4,0.01792411200141402,66.91342004026974,20.527335094090283,140.4417951433511,38.5116099946,427.96053699516244,-0.02082189735614308,0.01925189624818571,0.060342146189735615,-0.10606531881804043,0.0003266888816383637,0.03733777777777778,0.5365272250962404,0.7072463768115942,-1.0753623188405796,0.01617556715168978,0,0,0,0,0,0,1,1,1,0,0,1,0,0,0
0.09913066666666667,0.1286508100488381,1.0,-0.39,0.01714545063344219,68.38082400891906,20.50817168865793,140.02319068688806,42.27905010276739,426.97814927875766,-0.02088006220839813,0.016816742571657654,0.06780715396578538,-0.10497667185069985,0.00022205051103175888,0.05501198067632851,0.536040268137211,0.6826086956521739,-1.1594202898550725,0.015251572381429416,0,0,0,0,0,0,1,1,1,0,0,1,0,0,0
0.098682,0.12969291760154059,0.985,-0.38,0.01721059962333839,67.87191261771505,19.547468913110727,130.18598596000652,43.53486347215652,395.3516449775987,-0.02068833592534992,0.01833431202277093,0.07091757387247279,-0.10746500777604977,0.0002469742918744533,0.010267826086956524,0.5138886894260165,0.6420289855072464,-1.027536231884058,0.016401470082395606,0,0,0,0,0,0,0,0,0,0,0,1,0,0,0
0.09887333333333333,0.12865891841955182,1.0,-0.4,0.017588204521645463,69.28696312234273,20.45757528101809,144.83714193621304,42.27905010276739,384.5188362888167,-0.021013374805598756,0.026596059036012882,0.09237947122861587,-0.1390357698289269,0.00046852678549983004,0.041520772946859914,0.5146535677765028,0.7101449275362319,-1.0434782608695652,0.016443368216136692,0,0,0,0,0,0,1,1,1,0,0,1,0,0,0
0.09920466666666668,0.12741911465012706,0.985,-0.395,0.01634219819648775,67.1574664383877,19.659625300704118,140.86039959981414,42.06974787453587,397.40789586943913,-0.020315811301192328,0.019691410727037256,0.0869362363919129,-0.11119751166407466,0.0002950803690109734,0.039652560386473426,0.4660870810679127,0.6,-0.9753623188405797,0.012265581515123039,0,0,0,0,0,0,1,1,1,0,0,1,0,0,0
0.09894266666666666,0.12817982958675242,0.98,-0.4,0.017394938593133326,64.29968172107826,19.158065646745573,128.51156813415434,41.02323673337826,383.4016819675398,-0.0207485743908761,0.020802017881661732,0.12612752721617418,-0.12690513219284602,0.0003551368114617354,0.032484251207729464,0.41633741806040125,0.6434782608695652,-0.8971014492753623,0.011972787578354556,0,0,0,0,0,0,0,0,0,0,0,1,0,0,0
0.09898400000000002,0.12881796359203945,0.985,-0.385,0.01673741783548951,65.46075094848794,19.634672466765423,131.6511015576272,41.86044564630435,389.28322975295947,-0.02045961638154484,0.016846052595784193,0.10559875583203733,-0.09517884914463452,0.00025200551256591335,0.01921681159420291,0.44780413796681273,0.6144927536231884,-0.8985507246376812,0.011899306062938939,0,0,0,0,0,0,0,0,0,0,0,1,0,0,0
0.09937333333333333,0.12939703997988344,0.98,-0.38,0.017004793115310165,66.10065762760111,20.18953980947861,145.04644416444458,40.81393450514674,419.2428647663499,-0.02069065837221358,0.021382614201576736,0.10668740279937791,-0.10497667185069985,0.00035133415582720023,0.060641159420289845,0.5020672006621826,0.8985507246376812,-1.4144927536231884,0.012996635683728027,0,0,0,0,0,0,0,0,0,0,0,1,0,0,0
0.099282,0.1256063207379841,1.0,-0.375,0.015801480261920745,69.08516786736378,21.168123914253734,147.76737313145435,42.90695678746196,425.1979864576169,-0.02034440642820114,0.02393401853382518,0.11228615863141524,-0.11524105754276827,0.0003454856975516391,0.012275942028985506,0.49556227238720313,0.6666666666666666,-1.0318840579710145,0.013477958468185879,0,0,0,0,0,0,1,1,1,0,0,1,0,0,0
0.09865933333333333,0.12924619638331936,1.005,-0.42,0.017654574748105313,71.6410271437083,20.67017327925165,137.5115639481098,43.744165700388045,445.366589496589,-0.02144528771384137,0.02447411375992773,0.09953343701399689,-0.16111975116640748,0.00033385121398223154,0.05408618357487927,1.0590892374576626,2.1681159420289857,-2.2043478260869565,0.023681960245138065,0,0,0,0,0,0,0,0,0,1,0,0,0,0,0
0.09928933333333333,0.12436688313033963,0.95,-0.38,0.015730191446433384,69.54487928145149,19.156058126749784,127.46505699299675,44.999979069777176,370.7024194407623,-0.020628304821150856,0.015448375518777395,0.10077760497667185,-0.08444790046656299,0.00018371129086641985,0.07004792270531399,0.5378112274153024,0.7275362318840579,-1.2173913043478262,0.014897570546838748,0,0,0,0,0,0,1,1,1,0,1,0,0,0,0
0.098496,0.12363892854059626,0.955,-0.375,0.016422074534741964,66.11193204096183,18.130346142750568,122.86040797190327,43.744165700388045,344.7460705011159,-0.021067558320373252,0.013994518720328301,0.04696734059097978,-0.08087091757387248,0.00018496588779577284,-0.018346859903381637,0.5125322146446659,0.6347826086956522,-1.0768115942028986,0.01547707001117329,0,0,0,0,0,0,0,0,0,0,0,1,0,0,0
0.09931333333333334,0.12500870031943997,0.945,-0.38,0.016437963435553298,65.942787933587,18.47281844754293,127.25575476476523,41.86044564630435,332.665938314374,-0.020227143597719023,0.015510970240467527,0.05909797822706065,-0.08149300155520996,0.0002003986555304818,0.07259748792270529,0.5107344069405868,0.6985507246376812,-1.1159420289855073,0.013821379555979457,0,0,0,0,0,0,1,0,0,0,0,1,0,0,0
0.09883,0.12245179092197876,0.96,-0.39,0.015224300500889123,65.1046580908567,18.97387560944892,128.72087036238588,41.02323673337826,364.10111302140115,-0.021375759460860552,0.025995439724607338,0.14136858475894246,-0.13763608087091758,0.0005321292750337451,0.024512463768115937,0.5148302133439845,0.6840579710144927,-1.0855072463768116,0.015962691453263123,0,0,0,0,0,0,1,0,0,0,0,1,0,0,0
0.09975733333333334,0.12415772675467639,0.96,-0.37,0.015507899043778058,63.97674233639891,18.674695375143763,131.6511015576272,39.97672559222065,340.5030016829021,-0.020115438050803527,0.018690840477512263,0.1150855365474339,-0.11073094867807154,0.00025842514694861116,0.007535265700483111,0.47815317569410504,0.5608695652173913,-1.0942028985507246,0.012384919363045624,0,0,0,0,0,0,1,1,1,0,0,1,0,0,0
0.09894733333333333,0.12214336614359736,0.965,-0.37,0.01610035334540249,63.55060299971954,18.666399716140933,133.32551938347936,40.60463227691522,324.123879388141,-0.02070158631415241,0.02543433000303828,0.13825816485225506,-0.11244167962674961,0.0004422301638858025,0.07123458937198067,0.48656145810849094,0.6710144927536232,-1.03768115942029,0.01481466119793048,0,0,0,0,0,0,1,1,1,0,0,1,0,0,0
0.09899200000000001,0.12360861864233685,0.955,-0.375,0.016733495201631202,61.33707844787049,17.600775849865858,117.83715449434675,40.3953300486837,310.5343020757943,-0.02086724727838258,0.02585583862008875,0.17433903576982893,-0.12115085536547433,0.0004948650005455351,0.014255845410628024,0.46056570835418037,0.5956521739130435,-0.9666666666666667,0.013754008188595289,0,0,0,0,0,0,1,1,1,0,0,1,0,0,0
0.09918399999999998,0.12339465470864883,0.965,-0.375,0.016215520001875212,62.95836141471562,19.037700625150034,131.44179932939565,39.97672559222065,352.8535467016992,-0.021390399170554693,0.02671271032118054,0.0796267496111975,-0.12534992223950234,0.0004731282381272475,0.06281004830917875,0.48391915115268236,0.7782608695652173,-1.2927536231884058,0.013639037915428861,0,0,0,0,0,0,1,1,1,0,0,1,0,0,0
0.09947399999999999,0.1350479914351438,0.985,-0.45,0.01889447101420605,72.56198485489077,20.00378673071428,135.20923943756304,44.37207238508261,423.05167698434525,-0.019410907205806117,0.036902862564947084,0.16329704510108864,-0.20699844479004664,0.0008461544534058636,0.007585507246376801,1.0508181385457982,2.1739130434782608,-2.2043478260869565,0.04548181132992019,0,0,0,0,0,0,1,1,1,1,0,0,0,0,0
0.09878333333333333,0.12597172853020985,0.935,-0.4,0.01697633549944775,67.15043388351913,19.58151531740262,136.88365726341522,39.97672559222065,393.53192277637544,-0.021126283048211507,0.021318706082723467,0.16842923794712286,-0.1984447900466563,0.00040393369490581386,0.07396463768115945,0.5523771950089916,0.881159420289855,-1.3652173913043477,0.014679966602522824,0,0,0,0,0,0,0,0,0,1,0,0,0,0,0
0.09941533333333333,0.1253730759169962,0.955,-0.395,0.01651322767464362,64.82921635850403,17.931811689523787,119.09296786373588,41.02323673337826,334.88792771074577,-0.020877387247278383,0.014316358577339367,0.04354587869362364,-0.07278382581648522,0.00017347440472051701,-0.0548280193236715,0.5701919222118252,0.7101449275362319,-1.1855072463768115,0.015583255835926844,0,0,0,0,0,0,0,0,0,0,0,1,0,0,0
0.10013066666666667,0.12550515099477877,0.96,-0.38,0.015252744847151941,62.95311490552795,17.73888910776196,119.51157232019892,40.3953300486837,334.1910130435188,-0.020789673405909797,0.016515935131101677,0.07029548989113531,-0.09766718506998445,0.00021822477806277598,0.04751053140096618,0.4848903755614355,0.6739130434782609,-1.1188405797101448,0.013374664373762269,0,0,0,0,0,0,1,1,1,0,0,1,0,0,0
0.09911266666666665,0.1257023042995721,0.965,-0.385,0.016751021019050984,63.14857527973243,17.830152084519014,122.44180351544023,39.55812113575761,317.57006688505345,-0.020621752203214102,0.018846392547419766,0.07978227060653188,-0.0833592534992224,0.00033363737510634113,0.0061787439613526585,0.527649119130622,0.672463768115942,-1.0913043478260869,0.01442320617308857,0,0,0,0,0,0,1,0,0,0,0,1,0,0,0
0.09927000000000001,0.12150227885380038,0.965,-0.37,0.013771439123354719,62.90112423203524,18.74328542249184,130.18598596000652,38.930214451063044,342.54958125448155,-0.020794193882840848,0.03137730874228569,0.13810264385692067,-0.1558320373250389,0.0007724926637643249,0.08348676328502419,0.41941984480339445,0.6608695652173913,-1.227536231884058,0.009780134978424171,0,0,0,0,0,0,1,1,1,0,0,1,0,0,0
0.09969799999999998,0.12374710284554814,0.96,-0.375,0.014553966584080204,64.91237911052134,18.647663061523158,126.62784808007066,40.3953300486837,362.9773211225511,-0.02086940383618455,0.025570050522566903,0.09828926905132193,-0.11757387247278382,0.0005141093998134559,0.023620289855072474,0.47007810391691146,0.7014492753623188,-0.9623188405797102,0.012981356281113214,0,0,0,0,0,0,1,0,0,0,0,1,0,0,0
0.09898933333333335,0.1228128327424387,0.96,-0.37,0.01579366069238973,63.27184033867891,18.109196777950384,125.9999413953761,40.60463227691522,341.1973777943689,-0.020425588387765682,0.01958192090492449,0.11866251944012442,-0.11695178849144634,0.00028995301281197524,0.0198904347826087,0.4525840649841316,0.5855072463768116,-0.9333333333333333,0.010862269446068662,0,0,0,0,0,0,1,1,1,0,0,1,0,0,0
0.099786,0.12529045269825365,0.96,-0.375,0.014549345322240037,61.67642712724319,18.04332597092613,125.79063916714458,39.97672559222065,353.79946689234697,-0.020884727838258163,0.025664182682010615,0.12830482115085537,-0.1636080870917574,0.0005284047215056162,0.04541140096618357,0.44247245418807546,0.6072463768115942,-0.8724637681159421,0.009767991098215361,0,0,0,0,0,0,1,1,1,0,0,1,0,0,0
0.099354,0.1232794901189975,0.98,-0.37,0.01413807371914683,62.2409291902655,18.578650940451432,125.16273248245001,38.5116099946,359.2968148577963,-0.020579243131156038,0.02881404283418213,0.1181959564541213,-0.14494556765163297,0.000669058917907295,0.03691903381642512,0.4442220266765593,0.5898550724637681,-0.8666666666666667,0.010324829546821812,0,0,0,0,0,0,1,1,1,0,0,1,0,0,0
0.09939733333333334,0.1240040999035471,0.965,-0.375,0.014432267763920318,62.818380084474384,18.29001969657616,123.48831465659784,38.09300553813696,359.2022980998361,-0.02078988076723691,0.01803760036279839,0.056765163297045104,-0.10233281493001556,0.00027496077083605274,0.04672309178743961,0.46269291964866976,0.6391304347826087,-0.9159420289855073,0.011963821867857407,0,0,0,0,0,0,1,1,1,0,0,1,0,0,0
0.09863866666666667,0.12230712750376498,0.96,-0.375,0.016449219153219546,60.85682750845232,17.816348572163843,122.44180351544023,38.72091222283152,321.6090757133931,-0.020238652151373767,0.01883828029152942,0.04665629860031104,-0.08522550544323483,0.0003221580886760548,0.0038780676328502334,0.49603615519808913,0.6608695652173913,-0.9217391304347826,0.011842578429067803,0,0,0,0,0,0,0,0,0,0,0,1,0,0,0
0.09938666666666668,0.1236166001078424,0.96,-0.38,0.015033763538120352,61.077069266479405,18.122537614283225,122.86040797190327,38.930214451063044,357.9734957355711,-0.021070378434421985,0.020701075968605983,0.05956454121306377,-0.10559875583203733,0.00033052611652256085,0.06527942028985508,0.49191185254531544,0.6681159420289855,-0.9869565217391304,0.012322204022920627,0,0,0,0,0,0,1,1,1,0,0,1,0,0,0
0.099964,0.12479419873268682,0.975,-0.365,0.014573185331517337,62.90606376462151,19.12162571725594,132.48831047055327,38.72091222283152,371.52669831602884,-0.020710295489891135,0.028093003133694318,0.15116640746500778,-0.13359253499222395,0.0005861705757829233,0.04165913043478263,0.4894821968051586,0.618840579710145,-0.9695652173913043,0.011719166699738966,0,0,0,0,0,0,1,1,1,0,0,1,0,0,0
0.09874666666666666,0.12325484096871094,0.975,-0.4,0.017367282514622016,61.805664276435216,18.88530843920568,131.0231948729326,37.883703309905435,324.6909916135168,-0.020526594090202178,0.029702253884713,0.12721617418351477,-0.12192846034214619,0.000678663242178248,0.004314782608695661,0.46987892160270356,0.6347826086956522,-0.9594202898550724,0.01231179158929689,0,0,0,0,0,0,1,1,1,0,0,1,0,0,0
0.09984,0.124479721507829,0.98,-0.365,0.016514802525511917,62.89917074457175,18.573526191477587,132.48831047055327,38.930214451063044,341.14266760450016,-0.0211598133748056,0.0313485800979019,0.14059097978227061,-0.13530326594090203,0.0007040756205304622,0.06596405797101448,0.4867753203431642,0.6231884057971014,-1.1391304347826088,0.011467298327471322,0,0,0,0,0,0,1,1,1,0,0,1,0,0,0
0.09947533333333335,0.12125642824838424,0.965,-0.36,0.01755931946325932,61.71206431997009,18.710732600921833,123.48831465659784,38.72091222283152,327.89495667700027,-0.020682716433385175,0.021358753451951616,0.10855365474339036,-0.10793157076205288,0.0003752316422657781,0.026746859903381635,0.421861656599833,0.5376811594202898,-0.9028985507246376,0.010482145144996421,0,0,0,0,0,0,0,0,0,0,0,1,0,0,0
0.099966,0.12580620881869597,0.96,-0.365,0.016699384776991448,62.56244531979288,18.398308077013397,125.9999413953761,40.3953300486837,340.6736412542315,-0.020119398652151375,0.024255704042669156,0.1603421461897356,-0.1188180404354588,0.0004611541606748321,0.03766666666666667,0.4724893197945227,0.5739130434782609,-0.9681159420289855,0.01250253509582732,0,0,0,0,0,0,1,1,1,0,0,1,0,0,0
0.09898599999999999,0.12272123615739862,0.97,-0.37,0.016269367919771644,60.969599549023464,17.9251894531576,118.25575895080979,38.5116099946,327.0319603687224,-0.020840974598237427,0.022179414821321485,0.08538102643856921,-0.10248833592534992,0.00043887078010726774,0.020131400966183585,0.465135717948996,0.6028985507246377,-0.8768115942028986,0.012667371814509073,0,0,0,0,0,0,1,1,1,0,0,1,0,0,0
0.099952,0.12711002201242827,0.965,-0.37,0.016801529734651127,60.00432557938345,17.515944710923595,116.79064335318914,38.30230776636848,309.3745993278962,-0.020661275272161744,0.024480979638046563,0.10513219284603421,-0.10295489891135304,0.0005317148271780944,0.030107632850241525,0.47789498545247744,0.6260869565217392,-0.9826086956521739,0.011734139271420394,0,0,0,0,0,0,1,0,0,0,0,1,0,0,0
0.09974066666666666,0.12535311223189563,0.97,-0.375,0.015630435188085278,61.32652961556762,18.029440996176486,125.16273248245001,37.883703309905435,317.9891201828189,-0.021292649040953862,0.030343431173946035,0.13172628304821152,-0.13950233281493002,0.0007324730061692439,0.07348289855072462,0.45937171090584616,0.6623188405797101,-0.8898550724637682,0.01160892598041155,0,0,0,0,0,0,1,1,1,0,0,1,0,0,0
0.09959733333333333,0.12438225165280704,0.97,-0.37,0.015464179912147278,61.09166460852809,18.00791213879898,123.27901242836631,38.30230776636848,342.3020852473283,-0.020449227579056508,0.024920701374957794,0.09891135303265941,-0.09129082426127527,0.000539067441126411,0.019084830917874388,0.4671151722901725,0.5956521739130435,-0.9014492753623189,0.011783049379553778,0,0,0,0,0,0,1,1,1,0,0,0,1,0,0
0.09979733333333334,0.12561894334144919,0.975,-0.365,0.01696017305888562,61.09858553554161,17.849821455901417,123.27901242836631,37.25579662521087,313.7005034029709,-0.020490865733540697,0.030575305567949206,0.1150855365474339,-0.15349922239502334,0.0006755650829359417,0.026850048309178746,0.46030004786773093,0.6028985507246377,-0.9217391304347826,0.011214053637593521,0,0,0,0,0,0,1,1,1,0,0,0,1,0,0
0.100034,0.1258835791938991,0.975,-0.365,0.016013662591166336,61.18205526416035,17.634190352587332,117.4185500378837,38.30230776636848,328.2278589105357,-0.020575469155002593,0.027485720704744948,0.08164852255054432,-0.12161741835147745,0.0005839950349545545,0.047391884057971005,0.45787207938841373,0.6507246376811594,-0.8652173913043478,0.010995299426019147,0,0,0,0,0,0,1,1,1,0,0,0,1,0,0
0.10012800000000001,0.1249949476952302,0.975,-0.365,0.015862605987908993,61.62354343091003,17.94376528271328,120.13947900489349,38.72091222283152,334.39687481929127,-0.020536734059097977,0.0326564653608955,0.12939346811819596,-0.13079315707620529,0.0008441157324057065,0.02589024154589371,0.4724750728689529,0.5985507246376811,-0.8898550724637682,0.01202612998540028,0,0,0,0,0,0,1,0,0,0,0,0,1,0,0
0.09978733333333333,0.12508217874483782,0.975,-0.365,0.016556358285449088,62.38741284306379,18.683355896696128,130.39528818823806,37.883703309905435,353.55563645969534,-0.021109155002592018,0.03194611091097026,0.1567651632970451,-0.1667185069984448,0.0007222990317106584,0.060343961352657,0.46485936997924393,0.6275362318840579,-1.017391304347826,0.011528168124252914,0,0,0,0,0,0,1,1,1,0,0,0,1,0,0
0.098818,0.12490807103359389,0.97,-0.36,0.016718652408226717,61.125822732175465,17.758986965065933,118.04645672257827,38.30230776636848,325.31889333711956,-0.0204919854847071,0.0287527781678444,0.09984447900466563,-0.1468118195956454,0.0006561754080065075,0.012876714975845416,0.44327945456958745,0.5855072463768116,-0.8739130434782608,0.011323298533969597,0,0,0,0,0,0,1,1,1,0,0,0,1,0,0
0.09972466666666666,0.12423746425651519,0.97,-0.36,0.016720657486099872,63.125914825155895,19.07271411713177,128.0929636776913,39.55812113575761,383.55916757817573,-0.02025860031104199,0.030268771770720203,0.171850699844479,-0.1119751166407465,0.0006439880496560927,0.03843980676328503,0.48543064731957386,0.6942028985507246,-1.0579710144927537,0.012758770780533042,0,0,0,0,0,0,1,1,1,0,0,0,1,0,0
0.10004333333333335,0.12652594512150026,0.98,-0.365,0.016131421476019307,62.290715213620835,18.796335153590007,123.48831465659784,39.76742336398913,362.12043797525706,-0.020742498703991707,0.03515022091929408,0.143701399688958,-0.1321928460342146,0.0008949949369174134,0.04844888888888889,0.4274239092506507,0.5811594202898551,-0.9159420289855073,0.010363971220990857,0,0,0,0,0,0,1,1,1,0,0,0,1,0,0
0.10001733333333335,0.12579186393757302,0.965,-0.37,0.016433115505757486,61.70185037123238,18.254568035649324,118.46506117904131,38.72091222283152,344.7812359091083,-0.021971632970451006,0.04177826061429513,0.15194401244167963,-0.1692068429237947,0.0013301948745681933,0.030175652173913037,0.4266396931550713,0.527536231884058,-0.8753623188405797,0.011685184904907218,0,0,0,0,0,0,1,1,1,0,0,0,1,0,0
0.10018200000000001,0.1261219391805671,0.965,-0.375,0.01672999625829491,61.47812024273477,18.22601366569997,122.65110574367175,38.930214451063044,345.7280370111231,-0.01967232763089684,0.02813512651306323,0.15381026438569206,-0.13312597200622084,0.0006288647062126913,0.028406183574879226,0.44477777762544507,0.5594202898550724,-0.9637681159420289,0.011332544062694141,0,0,0,0,0,0,1,1,1,0,0,0,1,0,0
0.09916266666666668,0.12602102551911284,0.97,-0.37,0.016814684020378643,62.19011060925088,18.003012781296277,121.1859901460511,40.3953300486837,346.6896216414823,-0.02063319854847071,0.027612750954804643,0.10497667185069985,-0.10217729393468118,0.0006468639285946106,0.03487845410628018,0.454768567472396,0.5855072463768116,-0.9,0.011751700949465696,0,0,0,0,0,0,1,1,1,0,0,0,1,0,0
0.10001666666666667,0.12677198582056246,0.965,-0.375,0.016233097720896542,61.66113411110041,18.03444920659796,119.09296786373588,38.72091222283152,325.54113998325124,-0.020282011404872992,0.02740503852201297,0.08289269051321929,-0.10808709175738725,0.0005829507870705724,0.06158415458937199,0.4338970900676298,0.5797101449275363,-0.9173913043478261,0.010732591829376862,0,0,0,0,0,0,1,0,0,0,0,0,1,0,0
0.09987933333333333,0.12475486138646283,0.96,-0.36,0.015885889058294394,61.96398048186954,18.427225250740413,127.25575476476523,38.72091222283152,343.61080880221834,-0.02120551581130119,0.041243973249533016,0.2399688958009331,-0.2150855365474339,0.0009722179829195036,0.014159613526570058,0.46501460980312803,0.5927536231884057,-0.9028985507246376,0.011823510932499138,0,0,0,0,0,0,1,1,1,0,0,0,1,0,0
0.09926666666666667,0.12366482478412724,0.965,-0.36,0.016528128933300378,60.803608928553984,18.467343504383223,128.30226590592284,36.837192168747826,346.2941828878632,-0.02066627268014515,0.03666465954780868,0.10373250388802488,-0.17060653188180405,0.0010071181777834637,0.05996367149758456,0.4563327591944746,0.6260869565217392,-1.1115942028985508,0.010672986680258371,0,0,0,0,0,0,1,1,1,0,0,0,1,0,0
0.100156,0.1256273152251001,0.96,-0.36,0.015988380568021703,60.619757851275416,18.07028415080478,117.62785226611523,37.883703309905435,350.5652280254256,-0.0205435977190254,0.03527238797509086,0.16905132192846034,-0.1332814930015552,0.0009083658268814737,0.007217391304347823,0.43656292862108986,0.5753623188405798,-0.8434782608695652,0.010203570912079343,0,0,0,0,0,0,1,0,0,0,0,0,1,0,0
0.09912266666666666,0.12636506750768672,0.965,-0.365,0.016818942709064862,62.660175506895115,18.555973129319923,123.27901242836631,37.67440108167391,353.7589796092343,-0.021094805598755834,0.035008047886367015,0.10077760497667185,-0.1667185069984448,0.0008317800663498261,0.07069487922705313,0.4479640289835141,0.6057971014492753,-0.881159420289855,0.010426366521703739,0,0,0,0,0,0,1,0,0,0,0,0,1,0,0
0.09967733333333334,0.12422566516715547,0.965,-0.36,0.015205451581144244,63.751868022386965,19.926251757145202,140.02319068688806,38.72091222283152,397.0784183361325,-0.020625982374287196,0.03907943675433819,0.13188180404354588,-0.2015552099533437,0.0009333026696946742,0.0136015458937198,0.4696155307712593,0.7333333333333333,-1.2057971014492754,0.012532171270830093,0,0,0,0,0,0,1,1,1,0,0,0,0,1,0
0.099408,0.1266731076537821,0.965,-0.365,0.016376946515289696,62.07234322216595,18.96806534071926,125.79063916714458,39.55812113575761,377.49967000963966,-0.02064255054432348,0.024694934253292625,0.07651632970451011,-0.1119751166407465,0.00044396353032661077,0.028550144927536217,0.4357323958263957,0.5985507246376811,-0.9333333333333333,0.01070362276770896,0,0,0,0,0,0,1,1,1,0,0,0,1,0,0
0.09984866666666667,0.12674247024927707,0.965,-0.38,0.016324640299675106,61.63816667992248,18.491509766694456,119.09296786373588,37.883703309905435,349.11770013792676,-0.020785982374287193,0.030772535283938265,0.13374805598755832,-0.13265940902021772,0.0007403881323093314,0.07020637681159421,0.42971845927771174,0.5811594202898551,-0.8985507246376812,0.010831297142769808,0,0,0,0,0,0,1,1,1,0,0,0,1,0,0
0.09999866666666667,0.12714105027444475,0.975,-0.365,0.01655009327817157,60.84479960706995,18.143206636369875,124.32552356952392,37.883703309905435,351.47395879060525,-0.02077613271124935,0.02923177799800104,0.09253499222395023,-0.10217729393468118,0.000652421120275973,0.030876714975845408,0.44027029041184274,0.5681159420289855,-0.8913043478260869,0.011790524156940478,0,0,0,0,0,0,1,1,1,0,0,0,1,0,0
0.09925466666666667,0.12545279780946386,0.96,-0.37,0.01570053527541584,60.802855440532355,18.479631967304897,122.65110574367175,37.04649439697935,354.71673009622003,-0.0202602799377916,0.03581124163320609,0.14245723172628305,-0.16858475894245722,0.0007780216393529233,0.03324946859903381,0.4420554761637999,0.5840579710144927,-0.8623188405797102,0.011634097754866578,0,0,0,0,0,0,1,1,1,0,0,0,1,0,0
0.09946933333333333,0.12622563814939586,0.955,-0.365,0.016397736455445972,60.7380275637081,18.309391076038555,122.86040797190327,37.46509885344239,345.7062983917538,-0.020705505443234833,0.039790124085955905,0.11757387247278382,-0.13763608087091758,0.0010534562290843215,0.03646434782608696,0.44377878486555034,0.6,-0.9246376811594202,0.01170544775074734,0,0,0,0,0,0,1,1,1,0,0,0,0,1,0
0.09986,0.1258989293044226,0.97,-0.375,0.01737308279285536,61.86658517833247,18.9503615056986,133.32551938347936,37.67440108167391,342.88604926816765,-0.020757221358216695,0.03585059350828975,0.15381026438569206,-0.12877138413685849,0.0008854419726621342,0.02554415458937199,0.4072205726815107,0.5840579710144927,-0.9318840579710145,0.011773060714223564,0,0,0,0,0,0,1,1,1,0,0,0,0,1,0
0.09927066666666666,0.1254625099630253,0.97,-0.37,0.01625978280119663,60.7301577999266,18.084457664465294,117.20924780965218,38.09300553813696,338.771168770173,-0.020836578538102644,0.04247724128168865,0.176049766718507,-0.17527216174183516,0.0013922207235842515,0.03857256038647342,0.44342983275648085,0.5623188405797102,-0.8579710144927536,0.01057558069279145,0,0,0,0,0,0,1,1,1,0,0,0,0,1,0
0.09933866666666666,0.1255120285267069,0.97,-0.385,0.017050130915852817,61.308724972686065,18.204503576128598,122.44180351544023,38.09300553813696,349.074124322038,-0.02020945567651633,0.037246970532994916,0.12037325038880249,-0.12332814930015552,0.0010588964203757081,0.0371024154589372,0.4500282844842816,0.6014492753623188,-0.9231884057971015,0.011494962173166402,0,0,0,0,0,0,1,0,0,0,0,0,0,1,0
0.099474,0.12494227996959235,0.965,-0.37,0.016329220399564127,60.334018449293744,18.22804450558299,121.1859901460511,37.883703309905435,352.20730523277945,-0.020667392431311563,0.037141457397752826,0.14525660964230172,-0.12006220839813375,0.0008589357510707901,0.015121545893719801,0.4421704172875072,0.5666666666666667,-0.8623188405797102,0.010878666588831954,0,0,0,0,0,0,1,1,1,0,0,0,0,1,0
0.09999800000000002,0.1273749190225454,0.965,-0.355,0.016228096099718835,59.733739658725746,18.080811090550267,123.0697102001348,37.25579662521087,344.08803837348046,-0.02049656817003629,0.032574721048012734,0.12037325038880249,-0.11726283048211508,0.0007534784479583473,0.05477855072463768,0.42535475704253073,0.6086956521739131,-0.8391304347826087,0.010567453300625624,0,0,0,0,0,0,1,1,1,0,0,0,0,1,0
0.09945866666666665,0.12594525381379887,0.965,-0.365,0.016287414487494833,61.13257621740642,18.121452411925095,118.46506117904131,38.5116099946,341.33717412922624,-0.02097007776049767,0.04301757376486872,0.1552099533437014,-0.17527216174183516,0.0011076445055965554,0.02624251207729469,0.4400751511428597,0.5768115942028985,-0.8478260869565217,0.01077549834055627,0,0,0,0,0,0,1,0,0,0,0,0,0,1,0
0.099666,0.12472243226728168,0.96,-0.365,0.016538911644161124,61.14078086475309,19.079657130123916,126.62784808007066,37.04649439697935,366.15216653417076,-0.021121099015033694,0.04067581601586141,0.15956454121306377,-0.1917573872472784,0.0010114484473361634,0.07398473429951691,0.45627400460160444,0.6666666666666666,-1.2420289855072464,0.012004439479694083,0,0,0,0,0,0,1,0,0,0,0,0,0,1,0
0.10000800000000001,0.12653779383778324,0.975,-0.36,0.016233413266438908,60.46345094723212,18.59597202572383,121.81389683074566,36.41858771228478,358.25545466768034,-0.02038874027993779,0.03288230068742518,0.09875583203732503,-0.11010886469673406,0.0008109397629252535,0.03191999999999998,0.4356697851574502,0.5333333333333333,-0.8492753623188406,0.011423873513263046,0,0,0,0,0,0,1,0,0,0,0,0,0,1,0
0.09901466666666665,0.12561914312007633,0.97,-0.36,0.016024928207838966,63.715616876457275,19.09344577241729,129.976683731775,38.72091222283152,382.7402081913756,-0.020628678071539657,0.03880483447807855,0.11073094867807154,-0.1782270606531882,0.0011069455479527767,0.008410628019323664,0.45315335855566274,0.5884057971014492,-0.9420289855072463,0.012394878240698848,0,0,0,0,0,0,1,0,0,0,0,0,0,1,0
0.09968733333333334,0.12482341756613176,0.96,-0.36,0.015651358625066603,61.87827819614968,18.89718412819902,131.44179932939565,38.09300553813696,347.33159768822327,-0.021196599274235353,0.03754252849066629,0.1255054432348367,-0.16765163297045102,0.0010596930237593955,0.06180908212560387,0.407513271708233,0.5594202898550724,-0.881159420289855,0.009251611225049151,0,0,0,0,0,0,1,1,1,0,0,0,0,1,0
0.09927399999999999,0.12446012583956356,0.97,-0.365,0.016383021740402112,59.04586090890191,17.927987064951157,114.4883188426424,36.20928548405326,321.2158193670681,-0.019992472783825817,0.03715224366697017,0.14043545878693622,-0.1290824261275272,0.0008745759794448907,0.026169275362318837,0.4423280362607731,0.5333333333333333,-0.8376811594202899,0.011563779254251087,0,0,0,0,0,0,1,1,1,0,0,0,0,1,0
0.09987466666666665,0.12543669435837168,0.96,-0.36,0.015893850850465435,61.94391537492309,18.486146664118245,126.83715030830218,37.883703309905435,364.44942290309586,-0.021899180922757906,0.046118593739952196,0.15132192846034215,-0.15972006220839813,0.0013513323741769,0.0206743961352657,0.44648592868793163,0.6028985507246377,-0.863768115942029,0.010261236137308184,0,0,0,0,0,0,1,1,1,0,0,0,0,1,0
0.09929733333333333,0.12489712937542728,0.965,-0.36,0.01623449117276568,60.90510655576439,18.210251235372933,120.55808346135653,38.5116099946,339.96012488822146,-0.019553758424053914,0.03845948137099599,0.17169517884914465,-0.1270606531881804,0.00098491461322581,0.06239091787439614,0.39817201311334743,0.5231884057971015,-0.7913043478260869,0.008882626150555139,0,0,0,0,0,0,1,1,1,0,0,0,0,1,0
0.09919733333333333,0.12491664844829753,0.96,-0.36,0.016889450748861678,62.933580030893005,18.393504011875926,121.1859901460511,39.34881890752609,360.02598797185556,-0.020873779160186623,0.04030302363231367,0.14074650077760498,-0.17216174183514774,0.0012234701060019387,0.04303265700483092,0.461145244617011,0.6173913043478261,-0.8710144927536232,0.011483759228849382,0,0,0,0,0,0,1,0,0,0,0,0,0,1,0
0.09942599999999999,0.12517643757512834,0.975,-0.37,0.015850608132681708,62.135636215983155,19.010790393122708,130.60459041646956,38.72091222283152,359.6435086042348,-0.02027583203732504,0.03556680695297662,0.09626749611197512,-0.11632970451010886,0.0009593611178811413,0.0219951690821256,0.48274307711616365,0.7695652173913043,-1.2869565217391303,0.013779925221339437,0,0,0,0,0,0,1,1,1,0,0,0,0,1,0
0.09937066666666666,0.12625423005278763,0.97,-0.36,0.01598072707066011,61.108018089293914,18.610174822194242,121.60459460251414,38.72091222283152,364.6060029177681,-0.020973457750129598,0.03657305031237076,0.11384136858475895,-0.14727838258164852,0.0010178627703380852,0.02700019323671497,0.41346361410358506,0.5623188405797102,-0.8695652173913043,0.010714655057887964,0,0,0,0,0,0,1,1,1,0,0,0,0,1,0
0.09952066666666666,0.12638889813938917,0.96,-0.375,0.01639823079281085,61.624715523388126,18.352697288596058,121.39529237428262,38.30230776636848,349.7619752576377,-0.020736588906168998,0.04034487360786688,0.14805598755832036,-0.13063763608087092,0.001116579352493995,0.024601352657004843,0.4455930691845629,0.5869565217391305,-0.8623188405797102,0.010755599485369189,0,0,0,0,0,0,1,0,0,0,0,0,0,1,0
0.09884466666666668,0.12387787751742528,0.965,-0.365,0.01505018520103506,61.42350631464822,18.695018640347232,126.41854585183914,38.09300553813696,355.043506634737,-0.020982540176257128,0.041537574998024046,0.11695178849144634,-0.15272161741835147,0.0011826399345270951,0.07712695652173915,0.43617891179387824,0.5681159420289855,-0.9753623188405797,0.011110298658010763,0,0,0,0,0,0,1,1,1,0,0,0,0,1,0
0.09924133333333332,0.12424144943706275,0.98,-0.365,0.014679539108965536,63.17771014990225,19.77379467114366,138.34877286103588,37.883703309905435,396.45098769263353,-0.020140114048729913,0.03564501880209451,0.13203732503888024,-0.1443234836702955,0.0010149017585290528,-0.008026280193236729,0.4160068599322729,0.5463768115942029,-0.908695652173913,0.010260571607645123,0,0,0,0,0,0,1,1,1,0,0,0,0,1,0
0.099032,0.2800938586307573,7.575,-7.08,0.09133470404097163,62.16041759980577,21.128435487785378,353.9300679395033,-242.99988697679677,477.86809301679773,-0.020321969932607566,0.030778312269202038,0.2401244167962675,-0.22488335925349923,0.0007172820386314666,0.0754856038647343,0.4424077748922987,2.372463768115942,-0.8710144927536232,0.01713469496532853,0,0,0,0,0,0,1,1,1,0,0,0,1,0,0
0.099054,0.1253974551203758,0.97,-0.36,0.016084200087014645,60.63527412312832,18.161082014392733,118.67436340727284,38.09300553813696,338.0484421562346,-0.021270274753758426,0.031137065624513686,0.09517884914463452,-0.11415241057542769,0.0006495103122067342,0.015050241545893716,0.4548714449514707,0.5797101449275363,-0.8927536231884058,0.012242510095019126,0,0,0,0,0,0,1,1,1,0,0,0,1,0,0
0.09914333333333332,0.12651172326002924,0.975,-0.36,0.015777354186726766,61.2900552139278,18.149990300715594,125.16273248245001,38.30230776636848,341.01590278148575,-0.021104966303784344,0.038792644821906454,0.1525660964230171,-0.1567651632970451,0.0011046769564721187,0.06546685990338165,0.43237729600570135,0.5507246376811594,-0.9623188405797102,0.010761219105323409,0,0,0,0,0,0,1,1,1,0,0,0,0,1,0
0.09930866666666666,0.1251972259738831,0.98,-0.365,0.016600127897722573,62.104436230494784,18.466186944177366,128.30226590592284,38.72091222283152,338.4811890764536,-0.01995655780196993,0.039078903334530554,0.11430793157076205,-0.13950233281493002,0.000922262000298552,0.02441178743961353,0.44257017406274335,0.5956521739130435,-0.9043478260869565,0.011585041151131768,0,0,0,0,0,0,1,1,1,0,0,0,0,1,0
0.09851733333333333,0.12437596914016612,0.975,-0.37,0.01690106269844563,62.8465103039487,19.05700441285209,128.30226590592284,39.76742336398913,354.6582297048228,-0.021119294971487814,0.042511289342802586,0.15069984447900467,-0.15738724727838257,0.0010478619713942222,0.0529727536231884,0.46973488237336863,0.7028985507246377,-1.1681159420289855,0.011995397011953866,0,0,0,0,0,0,1,0,0,0,0,0,0,1,0
0.09943266666666666,0.12640509535967642,0.975,-0.355,0.016872472124268456,61.53460393739352,18.46441069877915,124.74412802598697,39.139516679294566,347.7308273602246,-0.020327858994297565,0.045178969603340884,0.15692068429237946,-0.1505443234836703,0.0014088891600977627,0.020477101449275358,0.4262168863665054,0.5652173913043478,-0.827536231884058,0.01071404979919049,0,0,0,0,0,0,1,1,1,0,0,0,0,1,0
0.0992,0.12603499514023872,0.975,-0.36,0.016352525313995916,61.64678993172561,18.17244117107656,116.99994558142066,39.139516679294566,339.4113116990915,-0.020375406946604457,0.03335839182965606,0.11244167962674961,-0.16065318818040436,0.0007717243643152917,0.04050570048309178,0.4396063011907581,0.5507246376811594,-0.8579710144927536,0.012198103245723202,0,0,0,0,0,0,1,0,0,0,0,0,0,1,0
0.09892933333333334,0.12460179375202518,0.995,-0.375,0.01632109679844704,61.45211095250653,18.438990941334115,129.976683731775,37.883703309905435,344.7574386873916,-0.020886013478486263,0.04255234930399118,0.17589424572317264,-0.17542768273716952,0.0012792223741966747,0.03253275362318841,0.4278120713068901,0.5318840579710145,-0.8173913043478261,0.01126015273616372,0,0,0,0,0,0,1,0,0,0,0,0,0,1,0
0.09943466666666667,0.12692451982007083,0.98,-0.36,0.01616492555437268,61.28536684401542,18.132092470355918,119.3022700919674,38.09300553813696,335.24935943934173,-0.020705360290305855,0.043530082536972,0.1598755832037325,-0.14307931570762053,0.0013239530430895555,0.015222028985507249,0.4271291932595635,0.5666666666666667,-0.9188405797101449,0.010911496389336932,0,0,0,0,0,0,1,1,1,0,0,0,0,1,0
0.099572,0.1266300259917318,0.965,-0.36,0.016821117687680198,62.46859420065386,18.46103739534648,124.32552356952392,39.55812113575761,341.18960443649087,-0.020720414722654224,0.04029198477970264,0.11524105754276827,-0.13468118195956455,0.0010893127368790019,0.039475555555555555,0.4133279612546895,0.5246376811594203,-0.8101449275362319,0.009186642309161108,0,0,0,0,0,0,1,0,0,0,0,0,0,1,0
0.09952466666666666,0.12589656094676382,0.975,-0.36,0.01667585549963472,61.43745979653033,17.829644268770014,119.51157232019892,38.72091222283152,327.95568120611233,-0.020495282529808187,0.0366191252220116,0.11166407465007776,-0.15116640746500778,0.0010105027302341756,0.06627768115942029,0.4343739298969369,0.6072463768115942,-0.8884057971014493,0.011409022353009318,0,0,0,0,0,0,1,0,0,0,0,0,0,1,0
0.09898066666666668,0.12389943889927651,0.99,-0.35,0.01574118111685572,63.59907739577795,19.125477360603686,130.39528818823806,38.5116099946,347.65896116130773,-0.02061963711767755,0.03751773086917301,0.136547433903577,-0.14183514774494557,0.0009380948894174623,0.03158859903381642,0.40610168186064505,0.5478260869565217,-0.8695652173913043,0.010330577238473472,0,0,0,0,0,0,1,0,0,0,0,0,0,1,0
0.09939933333333333,0.1250538118820143,0.96,-0.37,0.01669298905429604,61.891506096973906,18.716227168786194,129.13947481884892,37.883703309905435,329.57686994053194,-0.020434297563504403,0.04490490831982656,0.1354587869362364,-0.22706065318818042,0.0013208758039318011,0.022025314009661835,0.4011343296417073,0.5797101449275363,-0.8869565217391304,0.009135327804152485,0,0,0,0,0,0,1,1,1,0,0,0,0,1,0
0.09947866666666666,0.12528224752489434,0.98,-0.355,0.016132731882814114,63.698007582322056,18.596385857872104,125.58133693891305,40.186027820452175,350.6487974638972,-0.020991145671332295,0.03309703628732328,0.10093312597200622,-0.14090202177293934,0.0007845994867204883,0.04428193236714975,0.4302462674404805,0.5869565217391305,-0.9130434782608695,0.011119695888908125,0,0,0,0,0,0,1,1,1,0,0,0,0,1,0
0.09865933333333332,0.12343834876658964,0.975,-0.355,0.01616328958194917,62.81067776247546,18.367217543573247,127.46505699299675,38.930214451063044,356.2906901918676,-0.020605702436495593,0.03340175665540596,0.1161741835147745,-0.1181959564541213,0.0008744477941148984,0.05129314009661836,0.4391362579775144,0.5884057971014492,-0.8579710144927536,0.011001386462937498,0,0,0,0,0,0,1,1,1,0,0,0,0,1,0
0.09939866666666666,0.126594622311622,0.975,-0.36,0.01633856577899282,61.81046427420266,18.030212747434014,120.76738568958805,38.930214451063044,335.06168248162436,-0.020913177812337997,0.039349072444211895,0.12877138413685849,-0.1343701399688958,0.0010615197330072965,0.009336038647342977,0.4302648138379291,0.5739130434782609,-0.8623188405797102,0.01077083696570985,0,0,0,0,0,0,1,1,1,0,0,0,0,1,0
0.09927733333333333,0.1248391942442579,0.98,-0.36,0.01635741500762955,62.58111507855112,18.465306229165705,126.41854585183914,38.930214451063044,342.3720748946596,-0.019580839813374808,0.032878591285461584,0.13514774494556764,-0.12410575427682737,0.0007093324378427613,0.051617971014492774,0.4193573441085478,0.5623188405797102,-0.8188405797101449,0.00953863733469975,0,0,0,0,0,0,1,1,1,0,0,0,0,1,0
0.09869866666666667,0.12340540181945935,0.985,-0.355,0.01595045198774429,63.89288191028748,19.485784125495968,129.13947481884892,38.930214451063044,389.21659049705704,-0.021787185069984446,0.039945657963738446,0.12986003110419908,-0.1334370139968896,0.00099343250203191,0.05331536231884059,0.43361121255220986,0.6434782608695652,-1.065217391304348,0.011228370063858023,0,0,0,0,0,0,1,1,1,0,0,0,0,1,0
0.09948866666666666,0.12673174505580237,0.98,-0.36,0.016340264965949,65.37951377697034,19.294141361741318,135.41854166579458,39.139516679294566,362.7296982350648,-0.019627931570762053,0.034145014537229505,0.1192846034214619,-0.10995334370139968,0.0007740040071656443,0.02259536231884059,0.41668601212480016,0.5608695652173913,-1.0492753623188407,0.010428045758145122,0,0,0,0,0,0,1,1,1,0,0,0,0,1,0
0.09824333333333334,0.12389618283959446,0.98,-0.365,0.016069242088109902,61.91623166686899,18.781934179846314,124.53482579775545,37.883703309905435,330.9176310658659,-0.02139214100570243,0.029045508299085736,0.09642301710730948,-0.1286158631415241,0.0005979814663601456,0.03568096618357488,0.34576277845940356,0.5028985507246376,-0.7101449275362319,0.007657424851546603,0,0,0,0,0,0,1,1,1,0,0,0,0,1,0
0.09906999999999999,0.12683513616765138,0.975,-0.36,0.01569252898295705,64.16631434124915,18.97426823526164,136.88365726341522,39.139516679294566,373.9477729317282,-0.020593322965266975,0.04258131918549841,0.1656298600311042,-0.13561430793157075,0.0011928396066044628,0.019154202898550722,0.36334415303422374,0.5101449275362319,-0.6884057971014492,0.008073954068638744,0,0,0,0,0,0,1,1,1,0,0,0,0,1,0
0.09876066666666666,0.12520623275043283,0.98,-0.365,0.016219319647907744,60.385478890474936,18.283688834654836,122.02319905897718,37.04649439697935,331.9084301439898,-0.020906148263348887,0.029855840519398706,0.15863141524105753,-0.11586314152410575,0.0006562080798480777,0.060638647342995164,0.3729120145657446,0.5362318840579711,-0.6666666666666666,0.0070697558343166085,0,0,0,0,0,0,1,1,1,0,0,0,0,1,0
0.098034,0.1250669081358721,0.98,-0.365,0.01628380498161315,62.33425007709299,18.470533224062546,123.27901242836631,36.20928548405326,343.6550107799382,-0.020589818558838777,0.03541423630708284,0.11368584758942457,-0.159253499222395,0.0009489151557538888,0.012147632850241551,0.40083769747471215,0.5333333333333333,-0.7695652173913043,0.00878953742894414,0,0,0,0,0,0,1,1,1,0,0,0,0,1,0
0.09855733333333334,0.12559527079560845,0.975,-0.36,0.017136142218379568,65.54533695565723,19.340740907123962,133.9534260681739,40.81393450514674,352.0211661421292,-0.020444147226542253,0.038321878710837094,0.1088646967340591,-0.20279937791601865,0.0008183673611729508,0.06770106280193236,0.41848834306543614,0.5579710144927537,-0.8043478260869565,0.00905717436393897,0,0,0,0,0,0,1,1,1,0,0,0,0,1,0
0.098626,0.12470782703583605,0.98,-0.36,0.01595659634310773,61.23781337776122,18.405898484386213,128.9301725906174,37.67440108167391,345.57834361798723,-0.02017660964230171,0.0321250502727924,0.10824261275272162,-0.1177293934681182,0.0006831510153449903,0.009113623188405797,0.4570704467783434,0.5594202898550724,-0.9115942028985508,0.011961036755551236,0,0,0,0,0,0,1,0,0,0,0,0,0,1,0
0.09847199999999999,0.12443862697196023,0.98,-0.36,0.01631421492817242,63.71204478509545,19.106990158996567,129.34877704708043,38.930214451063044,351.0078021467621,-0.02142720580611716,0.030911507844333934,0.09548989113530326,-0.1321928460342146,0.0005217375405743317,0.03821893719806764,0.44038611126617055,0.6623188405797101,-1.5202898550724637,0.01276904282343602,0,0,0,0,0,0,1,1,1,0,0,0,1,0,0
0.098578,0.17399651696513926,1.365,-0.82,0.03114589211041793,85.411271901734,22.850112401782447,158.23248454303044,47.93021026501848,420.22664131121115,-0.020546106791083464,0.05965019610754929,0.1771384136858476,-0.23250388802488337,0.002143908158932414,0.36403362318840576,1.3116484293680704,2.1695652173913045,-2.205797101449275,0.1970777178141537,0,0,0,0,0,0,1,0,0,0,0,0,1,0,0
0.09910133333333333,0.1709829593796476,1.345,-0.42,0.0300009799562718,79.63201877580521,18.59202141129873,137.7208661763413,54.62788156842718,362.21027153827066,-0.020506625194401246,0.03359070430263079,0.13996889580093314,-0.17620528771384136,0.0008246610726783147,-0.12037352657004832,0.6063998582372393,0.9130434782608695,-1.9652173913043478,0.02357410829718138,0,0,0,0,0,0,0,0,0,0,0,0,0,0,0
0.098692,0.17207803211334097,1.37,-0.445,0.030582580386035108,77.41056864624714,16.710311131052187,127.67435922122827,54.418579340195656,290.2160719049878,-0.021068118195956456,0.02231861319017206,0.10948678071539658,-0.12597200622083982,0.00042020130346097264,-0.10936850241545892,0.6087286541372112,0.8260869565217391,-1.9188405797101449,0.024553106922034,0,0,0,0,0,0,0,0,0,0,0,1,0,0,0
0.09945133333333334,0.17408850899725947,1.36,-0.44,0.031395205760143985,76.7006433950496,16.94773072357719,133.32551938347936,51.69765037318587,278.560561238359,-0.020286905132192844,0.02554881165079802,0.1629860031104199,-0.12877138413685849,0.0004900983222226352,0.025828405797101443,0.5565283909880244,0.7246376811594203,-1.627536231884058,0.020733019036947624,1,1,0,0,0,0,0,0,1,0,0,1,0,0,0
0.09891266666666668,0.17381534561968023,1.38,-0.445,0.03254993766786443,72.99334279379404,15.808565502140564,120.76738568958805,51.27904591672283,265.0922823739633,-0.020487858994297562,0.027075163516372486,0.1552099533437014,-0.14556765163297045,0.0006228404580569414,0.024244830917874396,0.5210392960498623,0.6608695652173913,-1.2405797101449276,0.017253802417858233,0,0,0,0,0,0,0,0,0,0,0,1,0,0,0
0.09915266666666667,0.17379780980463733,1.38,-0.445,0.030112143459126377,74.38989098144606,16.709779899065154,131.8604037858587,50.651139232028264,287.5746837506048,-0.020899056505961636,0.02754600482136942,0.08475894245723173,-0.14416796267496113,0.0005845259136172163,0.03892560386473431,0.4999159803905874,0.744927536231884,-1.4420289855072463,0.014985812145094422,0,0,0,0,0,0,1,1,1,0,0,1,0,0,0
0.09922466666666666,0.1767640485455745,1.38,-0.44,0.03216890851204935,73.30068218572922,16.61745491389873,132.27900824232174,49.18602363440761,285.05002682188996,-0.020594276827371694,0.023126821058516243,0.10015552099533437,-0.12410575427682737,0.0003284099795285349,0.018563864734299523,0.47206560757119603,0.763768115942029,-1.4608695652173913,0.01425334285079324,0,0,0,0,0,0,0,0,0,0,0,1,0,0,0
0.09949666666666666,0.17647325573267156,1.405,-0.445,0.03323434078351341,75.05371392850516,17.3948458252684,140.4417951433511,47.302303580323915,276.76767035770774,-0.020528978745463975,0.027967464504559322,0.1046656298600311,-0.16174183514774496,0.0005118125412559169,0.028154589371980683,0.5294889353970309,0.7028985507246377,-1.3710144927536232,0.015563358735233604,1,0,0,0,0,0,1,1,1,0,0,1,0,0,0
0.09936666666666667,0.17740538949598522,1.39,-0.445,0.032024750093791604,72.62201273394754,16.71052249433718,130.39528818823806,48.97672140617609,284.0632038270627,-0.020694038361845513,0.019883577058470214,0.11088646967340592,-0.09020217729393468,0.0003453012059546084,0.024228985507246382,0.5377574758840133,0.6826086956521739,-1.3,0.0158979892948698,0,0,0,0,0,0,1,1,1,0,0,1,0,0,0
0.099774,0.17692389773760545,1.4,-0.445,0.033348996533245474,72.10461762575925,16.366694268197982,129.13947481884892,48.76741917794457,261.7672829025441,-0.02022789009849663,0.025924274095586567,0.12939346811819596,-0.11104199066874028,0.00042457648734350927,0.0671982608695652,0.4574501195732235,0.6652173913043479,-1.008695652173913,0.010961291613959392,0,0,0,0,0,0,1,0,0,0,0,1,0,0,0
0.09920600000000002,0.1781071762469628,1.39,-0.45,0.032821014492015396,73.57994717211758,16.560764577944838,141.69760851274023,49.39532586263913,276.0211098542902,-0.021032866770347332,0.023609157695779037,0.09455676516329704,-0.11524105754276827,0.0004257719687263869,0.03467342995169082,0.523710251993977,0.7333333333333333,-1.2855072463768116,0.01522508312742052,0,0,0,0,0,0,1,1,1,0,0,1,0,0,0
0.09936400000000001,0.17288385938928288,1.38,-0.44,0.030996105713458868,71.97144559467645,16.976391908459817,140.86039959981414,48.13951249325,281.6139732264682,-0.02087315707620529,0.016580277166521384,0.04681181959564541,-0.07900466562986003,0.00023614732120776115,0.05005217391304348,0.5483474157933065,0.8159420289855073,-1.608695652173913,0.014976306354173328,0,0,0,0,0,0,1,1,1,0,0,1,0,0,0
0.09900933333333332,0.1732517779982519,1.385,-0.46,0.033804265899161336,74.02556556950438,17.5665306897528,136.6743550351837,50.44183700379674,286.5811180190237,-0.020563214100570243,0.03364653097294232,0.12130637636080871,-0.1374805598755832,0.0008567319248194141,0.04570241545893717,0.6239551571094694,1.1478260869565218,-2.2028985507246377,0.018968538637904358,0,0,0,0,0,0,0,0,0,0,0,1,0,0,0
0.09969666666666668,0.17905801105290492,1.39,-0.46,0.03389170163886085,74.75014197667815,16.87477337160734,130.8138926447011,50.651139232028264,288.8117022232014,-0.020438195956454124,0.025966159964887353,0.12877138413685849,-0.13810264385692067,0.0005402748718581805,0.036669178743961355,0.4841576998650078,0.7695652173913043,-1.6666666666666667,0.01494168738954329,0,0,0,0,0,0,1,1,1,0,0,0,1,0,0
0.10005666666666665,0.17901515798638082,1.405,-0.45,0.032407430975474674,73.13642179701313,16.71341360967489,133.32551938347936,50.0232325473337,278.520365520035,-0.020643877656817,0.028112323079084095,0.11539657853810265,-0.11321928460342146,0.0005289903247220057,0.03725816425120772,0.46631666957549806,0.7101449275362319,-1.2753623188405796,0.013431364537334277,1,0,0,0,0,0,0,0,0,0,0,1,0,0,0
0.09926600000000002,0.1771130465098492,1.41,-0.45,0.033675029063732785,72.16230131985986,16.176533149287227,125.16273248245001,48.97672140617609,259.9629941415649,-0.021555458786936234,0.02145524480337929,0.08724727838258164,-0.0984447900466563,0.0004070720771572619,0.013379903381642525,0.4908435354378583,0.763768115942029,-1.4507246376811593,0.013416133210281985,0,0,0,0,0,0,1,1,1,0,0,1,0,0,0
0.09943866666666666,0.1790120058493905,1.385,-0.46,0.03328553692300017,74.0384864937272,16.484424596387097,134.7906349811,51.27904591672283,276.1184760257765,-0.019602903058579577,0.02226400935521355,0.06656298600311042,-0.0984447900466563,0.0003847744556664355,0.05683574879227052,0.5049371172534447,0.6985507246376812,-1.3057971014492753,0.01549323193368268,0,0,0,0,0,0,0,0,0,0,0,1,0,0,0
0.09968466666666667,0.17773978329256762,1.4,-0.445,0.032756434472246736,73.46201234325007,16.20859201506883,127.67435922122827,50.44183700379674,273.6512730261859,-0.021210782789009848,0.028140344638954335,0.17045101088646966,-0.13623639191290823,0.0006477802181322334,-0.002640966183574877,0.49882567692876806,0.6579710144927536,-1.327536231884058,0.01478878487989619,0,0,0,0,0,0,1,1,1,0,0,1,0,0,0
0.09893133333333333,0.17612107942612157,1.415,-0.46,0.03302226149641475,73.83867263317552,17.2112998391152,138.5580750892674,49.604628090870655,286.9230428465303,-0.020192638672887505,0.025817650344190035,0.1297045101088647,-0.10435458786936236,0.0005314597574339758,0.052796908212560396,0.4551343531901969,0.663768115942029,-1.2768115942028986,0.011869417828815159,0,0,0,0,0,0,1,1,1,0,0,1,0,0,0
0.10036266666666667,0.17630332329885964,1.4,-0.455,0.032516913169419105,75.71697873628894,18.152518866515596,141.2790040562772,49.604628090870655,302.35739432815024,-0.021142146189735617,0.025249202058854683,0.08724727838258164,-0.1505443234836703,0.00048431001017811877,0.06887806763285023,0.6800561709962697,1.3608695652173912,-2.205797101449275,0.023729057877692937,1,1,0,0,0,0,0,0,1,0,0,1,0,0,0
0.09839400000000001,0.17547994405059514,1.42,-0.455,0.031857945769961774,72.22433850030768,16.617434404747982,123.69761688482936,48.76741917794457,284.58778979983157,-0.020065671332296524,0.018667430085009543,0.06516329704510108,-0.08351477449455677,0.0002846204101435474,0.007181642512077281,0.4815644276593571,0.7318840579710145,-1.4565217391304348,0.015424491761562735,1,1,0,0,0,0,1,1,1,0,0,1,0,0,0
0.09989066666666667,0.1781027083255302,1.385,-0.45,0.03155229704708666,75.69638339703097,17.081433989701214,136.04644835048913,51.48834814495435,307.50823151536173,-0.02047599792638673,0.029964286386134076,0.1536547433903577,-0.10948678071539658,0.0006450691002404705,0.07242396135265702,0.4411435485479795,0.717391304347826,-1.1521739130434783,0.011590631774071743,1,0,0,0,0,0,1,1,1,0,0,1,0,0,0
0.09928333333333333,0.17674894546282932,1.405,-0.455,0.03218076306502301,72.85355681229915,16.727850838874225,130.8138926447011,48.76741917794457,281.08313090100137,-0.021268553654743387,0.025164920152834978,0.14059097978227061,-0.10248833592534992,0.00047991814637421746,0.028947826086956518,0.42260629871821137,0.5318840579710145,-0.9608695652173913,0.0113767410107318,0,0,0,0,0,0,1,1,1,0,0,1,0,0,0
0.09909333333333334,0.17740465407899786,1.405,-0.45,0.03225687971839465,74.02372370989596,16.724640116727475,134.5813327528685,50.23253477556522,281.73357982820806,-0.020721866251944016,0.025627742682625815,0.10513219284603421,-0.09704510108864697,0.0005451751040688608,0.033193623188405776,0.4922840886859324,0.6318840579710145,-1.3231884057971015,0.015791990127377975,0,0,0,0,0,0,1,1,1,0,0,1,0,0,0
0.09920333333333335,0.176153896698944,1.4,-0.445,0.03272528087089706,72.34799425674684,16.90514463123522,136.6743550351837,48.76741917794457,269.13204568180674,-0.020333437013996893,0.025570831636494068,0.1558320373250389,-0.14307931570762053,0.00047372919759214256,0.05042821256038647,0.41985292839317423,0.5666666666666667,-1.1507246376811595,0.010841518905185445,0,0,0,0,0,0,1,0,0,0,0,1,0,0,0
0.09980066666666668,0.1771828911968898,1.4,-0.45,0.032645939928875316,73.2951566069039,16.776282619013354,130.8138926447011,47.093001352092394,277.77838057341665,-0.020825692068429238,0.024650842968513508,0.10342146189735614,-0.09751166407465008,0.00045026302059276855,0.03146299516908211,0.5295166600585158,0.7333333333333333,-1.4434782608695653,0.01695322236643678,1,0,0,0,0,0,1,1,1,0,0,1,0,0,0
0.09940133333333333,0.17619510473209962,1.4,-0.46,0.0308795834988728,71.86489680702475,16.390084345029123,121.81389683074566,49.604628090870655,274.91689967563656,-0.020379533437013996,0.024207756149620115,0.10793157076205288,-0.09346811819595645,0.0004933057901557518,0.06692772946859904,0.4921505618126492,0.7695652173913043,-1.5869565217391304,0.014300570934988502,0,0,0,0,0,0,1,0,0,0,0,1,0,0,0
0.09877466666666666,0.17730376539963524,1.415,-0.46,0.03310513606971331,75.90646702024789,17.18616274557596,138.34877286103588,51.27904591672283,279.24508409370617,-0.02114956972524624,0.034498182101762066,0.13297045101088648,-0.12410575427682737,0.0008487560041523688,-0.017962512077294688,0.46932228013404864,0.6710144927536232,-1.4739130434782608,0.014999725826927744,1,0,0,0,0,0,0,0,0,0,0,1,0,0,0
0.09941666666666667,0.1750269780792537,1.41,-0.45,0.031935312776116206,74.33432821659154,17.374057530692507,136.25575057872067,50.44183700379674,290.79014682014974,-0.02032248833592535,0.026964360771604138,0.1343701399688958,-0.12503888024883358,0.0005389971032610225,0.08260367149758453,0.487943300826109,0.8840579710144928,-1.8492753623188405,0.013968376763536164,1,0,0,0,0,0,0,0,0,0,0,0,1,0,0
0.09875133333333333,0.17637652195862752,1.4,-0.46,0.033917883011282346,73.66160294809166,16.577043032414352,129.55807927531197,50.0232325473337,271.12569124670046,-0.020726594090202177,0.024702658758425075,0.10544323483670295,-0.0942457231726283,0.0004834559808013707,0.012328888888888882,0.4472601219047071,0.6347826086956522,-1.136231884057971,0.012413365857496054,1,1,0,0,0,0,0,0,1,0,0,0,1,0,0
0.09971666666666666,0.17915521126169404,1.44,-0.46,0.03246379967208229,74.79842102399022,17.09832506708319,132.06970601409023,49.39532586263913,292.6646022386326,-0.02023365474339036,0.028389238493406042,0.1374805598755832,-0.0968895800933126,0.0006071360153395254,0.027561159420289846,0.47862746622661245,0.7275362318840579,-1.489855072463768,0.013765329302868176,0,0,0,0,0,0,1,1,1,0,0,1,0,0,0
0.099188,0.17346179403353734,1.4,-0.445,0.03282057431476163,75.03258835693565,18.230425470203343,146.3022575338337,48.76741917794457,274.363781383908,-0.020815012960082944,0.027345936161396737,0.1286158631415241,-0.1744945567651633,0.0006394082805447663,0.05049951690821256,0.5327925524554725,0.7942028985507247,-1.5681159420289854,0.017003124679151188,1,1,0,0,0,0,1,1,1,0,0,0,1,0,0
0.098678,0.17440402035503652,1.38,-0.445,0.032120123990575455,73.83189124098082,16.897133766651173,132.69761269878478,47.93021026501848,287.0324614006925,-0.02057410057024365,0.024492695962554135,0.1015552099533437,-0.10404354587869362,0.000485460598958218,0.05075091787439613,0.5024110593082726,0.6521739130434783,-1.3159420289855073,0.014288720897672205,1,0,0,0,0,0,1,1,1,0,0,1,0,0,0
0.099318,0.17654983680536213,1.4,-0.435,0.03205826569295561,74.06363066807877,16.756371331875663,134.37203052463695,51.06974368849131,279.63106828696397,-0.021034069466044587,0.027608074519683654,0.17045101088646966,-0.13390357698289268,0.000666282658598141,0.03491111111111111,0.4903579324550912,0.7144927536231884,-1.2333333333333334,0.012871956678679356,0,0,0,0,0,0,1,1,1,0,0,1,0,0,0
0.09923,0.17654813441853945,1.395,-0.455,0.03226467160037612,75.34157425973291,17.074733653457475,142.32551519743478,50.651139232028264,285.31946511728205,-0.02093167444271643,0.028069915204634026,0.09595645412130638,-0.12223950233281493,0.000554185649629941,0.018459130434782613,0.5087311939476074,0.6826086956521739,-1.173913043478261,0.01555656476115562,0,0,0,0,0,0,1,1,1,0,0,1,0,0,0
0.09939200000000001,0.1730174278389319,1.39,-0.445,0.030972360599434434,75.94662514110459,17.865724516359546,142.32551519743478,50.44183700379674,285.53540293269515,-0.020154753758424054,0.029549977731270567,0.1385692068429238,-0.1270606531881804,0.0005949368937708986,-0.04766666666666667,0.5769711172730675,0.7072463768115942,-1.989855072463768,0.01480123994946875,0,0,0,0,0,0,1,1,1,0,0,1,0,0,0
0.09847066666666666,0.17377819523621357,1.38,-0.43,0.03250933759091738,75.38198354326347,17.900116945350852,141.2790040562772,49.604628090870655,310.51986720583085,-0.020741047174701918,0.022767249930769996,0.10855365474339036,-0.11586314152410575,0.0003907689751136793,0.1461547826086957,0.5058279178833183,1.136231884057971,-1.4043478260869566,0.013363958144450377,0,0,0,0,0,0,1,1,1,0,0,1,0,0,0
0.09913933333333334,0.17503560376741134,1.38,-0.43,0.031130126105567663,77.75346151001789,18.191156536886556,143.3720263385924,50.44183700379674,304.8903402931244,-0.020517822706065315,0.02917158903820918,0.11415241057542769,-0.13359253499222395,0.0006809763011649697,0.0378912077294686,0.5010036772102182,0.7608695652173914,-1.6942028985507247,0.014302122361168219,0,0,0,0,0,0,0,0,0,0,0,1,0,0,0
0.09906866666666668,0.1754827131606479,1.38,-0.45,0.03355458902866793,75.9453693277352,16.304488433237147,128.30226590592284,53.99997488373261,265.2778451242236,-0.020907910834629343,0.02688677841342611,0.11275272161741835,-0.14292379471228617,0.0004794665054166177,0.022062608695652186,0.4295481466234569,0.5869565217391305,-1.2826086956521738,0.010441928318987275,1,1,0,0,0,0,1,0,1,0,0,1,0,0,0
0.09928066666666667,0.17348027522715337,1.39,-0.44,0.030398024247758348,75.82065310667296,17.144579525837628,139.81388845865652,51.27904591672283,296.6474057231592,-0.020624095386210472,0.027270420195509154,0.11166407465007776,-0.12488335925349922,0.0005799204641100907,0.04378879227053141,0.501425696765884,0.6710144927536232,-1.5391304347826087,0.015307345375256331,0,0,0,0,0,0,1,1,1,0,0,1,0,0,0
0.09891266666666668,0.17416932672801172,1.395,-0.45,0.03182553680723948,76.01008557670438,17.046958355308387,134.99993720933153,51.906952601417395,282.4203894236106,-0.02043415241057543,0.02533423965543653,0.11399688958009331,-0.11213063763608087,0.00047357523552997346,-0.009608695652173916,0.47466217859117354,0.6072463768115942,-1.4492753623188406,0.01172242934574574,0,0,0,0,0,0,0,0,0,0,0,1,0,0,0
0.09891866666666667,0.17613825266408079,1.39,-0.44,0.031215249909616712,76.58882019124643,17.010825900660336,134.5813327528685,51.69765037318587,303.2660459633212,-0.02069837221358217,0.030436250952412012,0.1188180404354588,-0.15505443234836702,0.0006298659359093223,0.0780680193236715,0.40928811245876745,0.7434782608695653,-0.9304347826086956,0.009219343440987371,0,0,0,0,0,0,1,1,1,0,0,1,0,0,0
0.09965733333333335,0.17682383675913785,1.41,-0.44,0.032797784042333265,76.65783411263529,17.495492692307295,140.23249291511956,51.27904591672283,289.5725223201346,-0.020323193364437536,0.031218597248623026,0.09517884914463452,-0.1796267496111975,0.0006858620866491213,0.012286183574879234,0.639305133965028,1.1478260869565218,-2.2028985507246377,0.018572425628031804,0,0,0,0,0,0,0,0,0,0,0,1,0,0,0
0.099238,0.17573052103338985,1.39,-0.44,0.03151963791820196,75.2071743222445,17.13867235653148,138.13947063280435,52.53485928611196,298.8650001155191,-0.021485889061689994,0.020912867513849742,0.11788491446345256,-0.11290824261275272,0.00034939563793073597,0.08385681159420288,0.41602631558914144,0.7188405797101449,-1.3434782608695652,0.009573185330118611,1,1,0,0,0,0,1,1,1,0,0,1,0,0,0
0.09853466666666666,0.17657787554378254,1.4,-0.445,0.03194271572653483,76.90832701938278,17.301899887796658,136.6743550351837,52.32555705788044,304.7257063885156,-0.01987684810782789,0.024294651505072595,0.12752721617418353,-0.12426127527216174,0.0003589456302379412,0.01945043478260869,0.45127568904106136,0.6463768115942029,-1.272463768115942,0.012600013653545994,1,0,0,0,0,0,1,1,1,0,0,1,0,0,0
0.09853666666666666,0.17613073361064,1.385,-0.445,0.033273958253737,77.55211276645917,17.118507286834333,131.8604037858587,51.906952601417395,291.2748722025837,-0.02066959046137895,0.024836171300206718,0.09455676516329704,-0.11073094867807154,0.0005587900776791093,0.007547053140096617,0.4617236564337544,0.6130434782608696,-1.3507246376811595,0.012847549405890103,0,0,0,0,0,0,0,0,0,0,0,1,0,0,0
0.099514,0.17855328001467796,1.395,-0.435,0.03265915385461382,76.29459707228042,16.8725888939413,131.6511015576272,52.116254829648916,298.3230626178974,-0.020134079834110943,0.027736178880191226,0.13499222395023328,-0.14743390357698288,0.0005192176285556949,0.08395903381642511,0.4663246464875257,0.7289855072463768,-1.4405797101449276,0.012323659257594778,0,0,0,0,0,0,1,0,0,0,0,1,0,0,0
0.098946,0.1795787638261644,1.39,-0.435,0.03322774511803835,79.2402887254471,17.37740470845521,133.11621715524782,52.53485928611196,307.9822584264476,-0.021282239502332816,0.02878092360578094,0.11446345256609643,-0.1177293934681182,0.0006947810779861791,-0.009414685990338163,0.4274780135217379,0.7318840579710145,-1.4202898550724639,0.012386016602818047,1,1,0,0,0,0,0,0,1,0,0,1,0,0,0
0.09886600000000001,0.17905672484066792,1.39,-0.465,0.03350346845499431,78.09512646738303,17.114730031710057,135.62784389402609,53.99997488373261,307.3822316006915,-0.02112630378434422,0.02983074321212747,0.12939346811819596,-0.1489891135303266,0.0006413560883316231,0.07360521739130436,0.4082937437428207,0.6898550724637681,-1.173913043478261,0.010102232285716408,1,0,0,0,0,0,0,0,0,0,0,1,0,0,0
0.09931000000000001,0.17940535267005459,1.39,-0.44,0.032939960644734874,78.29142405050042,17.528499295078813,136.46505280695217,52.116254829648916,317.2072683979538,-0.02018229134266459,0.030729576640375657,0.14743390357698288,-0.1432348367029549,0.0006895032702790046,0.03643884057971015,0.5189568795413281,0.7086956521739131,-1.4579710144927536,0.015330723007944903,0,0,0,0,0,0,1,1,1,0,0,1,0,0,0
0.09889733333333332,0.17721189988134417,1.4,-0.445,0.03278494427030657,78.25986127448311,17.322335963483766,135.41854166579458,53.37206819903805,311.7896922893258,-0.020442467599792638,0.029126279612384776,0.12192846034214619,-0.1374805598755832,0.0007112122805776142,0.024610241545893724,0.3102223594303703,0.4652173913043478,-1.03768115942029,0.005821491494040473,0,0,0,0,0,0,0,0,0,0,0,1,0,0,0
0.09906333333333334,0.17868051373579855,1.38,-0.435,0.032252206541550754,80.0442046306025,18.12288163349377,138.76737731749893,54.418579340195656,338.61601611807976,-0.020642301710730945,0.020950012195992653,0.08926905132192846,-0.09860031104199067,0.00035644553100831153,0.05173410628019324,0.38181391368185114,0.572463768115942,-1.1289855072463768,0.00780573477153736,1,0,0,0,0,0,0,0,0,0,0,1,0,0,0
0.09954933333333334,0.18284340358046525,1.38,-0.44,0.034539432995931096,81.33398077489267,18.467587576511704,145.67435084913913,56.93020607897392,355.6411557855939,-0.02077005702436496,0.023870821950500252,0.1119751166407465,-0.10762052877138413,0.0004633715192507771,0.01810570048309179,0.29063688024130796,0.5217391304347826,-0.863768115942029,0.0048700354001627545,0,0,0,0,0,0,0,0,0,0,0,1,0,0,0
0.09908,0.17914999376686194,1.37,-0.43,0.03388483791638138,82.59185925960034,19.4439027605535,147.97667535968588,49.81393031910218,363.9491889404053,-0.02076437532400207,0.020475139686653494,0.10544323483670295,-0.1286158631415241,0.00032636756060224083,0.040416811594202906,0.5615068614012033,0.8478260869565217,-1.6652173913043478,0.01852169031173417,1,1,0,0,0,0,0,0,1,0,0,0,0,0,1
0.09853666666666668,0.17439539937229487,1.36,-0.445,0.032112430360481364,78.88771214525016,18.172341174834017,137.93016840457284,54.62788156842718,348.023425089909,-0.020608024883359256,0.01661650694179847,0.06594090202177294,-0.09642301710730948,0.0002230040206501345,0.07247536231884057,0.5351840535368374,0.8115942028985508,-1.555072463768116,0.015795003858179564,1,1,0,0,0,0,0,0,1,0,0,1,0,0,0
0.09929533333333333,0.18004306923128763,1.395,-0.435,0.03287138642203687,82.15399899814001,18.741210211613712,144.83714193621304,55.465090481353265,360.14216715692845,-0.020693955417314672,0.017462141785739703,0.05598755832037325,-0.08164852255054432,0.0002800230673393264,0.018973719806763288,0.35929121638433514,0.6768115942028986,-1.055072463768116,0.007201986194001087,0,0,0,0,0,0,0,0,0,0,0,1,0,0,0
0.09920266666666666,0.17962341419264422,1.37,-0.425,0.033531041680505906,80.78133917147014,18.532178131722908,137.09295949164675,55.04648602489022,362.9073277373611,-0.02034842923794712,0.019296762664371137,0.07029548989113531,-0.09393468118195956,0.00033824222612630094,0.04081236714975844,0.41638142346178875,0.6710144927536232,-1.2246376811594204,0.01002962929901108,1,0,0,0,0,0,0,0,0,0,0,1,0,0,0
0.09824333333333334,0.17722047696458657,1.37,-0.43,0.03312311955930671,85.73917872596338,19.77124223418055,151.53481323962174,57.976717220131526,390.182147707598,-0.02107585277345775,0.01679101339029311,0.07387247278382582,-0.07729393468118195,0.0002295585455941768,0.02787478260869563,0.6646903482407447,1.0144927536231885,-1.9318840579710146,0.0262986125581942,1,0,0,0,0,0,0,0,0,0,0,1,0,0,0
0.098322,0.17707138197913294,1.385,-0.435,0.033295680139060334,81.35086448797,18.928932688225025,146.09295530560217,54.209277111964134,361.3234796444124,-0.020144510108864696,0.01844691604258528,0.05614307931570762,-0.08584758942457232,0.00027739257226738995,0.02835091787439614,0.34225810472330664,0.6623188405797101,-1.3942028985507247,0.006576885871005921,1,0,0,0,0,0,0,0,0,0,0,1,0,0,0
0.09907066666666667,0.17973032485612683,1.365,-0.42,0.0322203460642315,89.8868791223818,19.66094609635065,154.25574220663154,61.95345955653044,401.8056302338977,-0.021076433385173662,0.013610946072344088,0.04681181959564541,-0.07013996889580093,0.00015790313931621298,0.05688193236714977,0.25020531888588304,0.4115942028985507,-0.5449275362318841,0.005263749533860181,1,0,0,0,0,0,0,0,0,0,0,0,0,0,1
0.09877133333333335,0.1748059506373345,1.365,-0.46,0.031170761765881017,87.78735451750953,21.294680230046293,166.6045736722913,55.465090481353265,409.62511714771335,-0.020386604458268537,0.022369383449238656,0.08102643856920684,-0.13032659409020217,0.00025817360816055593,0.03263942028985505,1.0814577000604368,2.020289855072464,-2.0115942028985505,0.056066628007724925,0,0,0,0,0,0,0,0,0,0,0,0,0,0,1
0.09872466666666667,0.17597142814925637,1.375,-0.445,0.031495934639729536,79.81893961909786,17.145025439498443,133.11621715524782,55.67439270958479,310.7181079656546,-0.020887527216174186,0.01587885508978285,0.08133748055987558,-0.07387247278382582,0.0001951460543209831,0.07317468599033819,0.5403659051429656,0.8376811594202899,-1.6855072463768115,0.014028198518905908,1,1,0,0,0,0,0,0,1,1,0,0,0,0,0
0.09862066666666668,0.1806308042376924,1.38,-0.45,0.03378599921400952,77.99633581565777,16.768077426496006,129.55807927531197,55.465090481353265,301.5042512680081,-0.020607547952306893,0.019201246683885256,0.05489891135303266,-0.0895800933125972,0.0003105597890659747,-0.014366956521739136,0.33584001756253123,0.40869565217391307,-0.8579710144927536,0.0067552149977690365,0,0,0,0,0,0,0,0,0,0,0,1,0,0,0
0.09835733333333332,0.18161329332647674,1.36,-0.46,0.03432175917964559,80.70850199604557,18.038683024551723,137.7208661763413,56.511601622510874,341.9315981024798,-0.020568045619491965,0.016230469882652872,0.05660964230171073,-0.08522550544323483,0.000242123258503939,0.05376695652173913,0.44501186888858574,0.6550724637681159,-1.1159420289855073,0.010902680384998347,0,0,0,0,0,0,0,0,0,0,0,1,0,0,0
0.09891933333333335,0.179574930023344,1.36,-0.445,0.033232410677023684,78.94933072124154,18.124927701803347,136.46505280695217,55.25578825312174,353.1599174976293,-0.020577252462415763,0.017935961875407157,0.07402799377916018,-0.08678071539657854,0.00027121387560936986,0.048518260869565226,0.41797151407931443,0.744927536231884,-1.1985507246376812,0.00906468373071185,0,0,0,0,0,0,0,0,0,0,0,1,0,0,0
0.09799733333333334,0.18180033734719955,1.375,-0.46,0.03418549002974214,78.96816792178235,17.758404281640956,134.16272829640545,55.67439270958479,345.70485996293144,-0.02073490927941939,0.014454581752730308,0.037636080870917576,-0.08118195956454122,0.00017708038679122143,0.01803111111111112,0.2706133792133612,0.4115942028985507,-0.7710144927536232,0.004296475667195934,1,0,0,0,0,0,0,0,0,0,0,0,0,0,1
0.09776866666666668,0.17746533319183466,1.35,-0.47,0.033840563361277054,82.15511527669057,19.524792776587987,150.48830209846415,50.44183700379674,374.13169073305136,-0.02053360290305858,0.014532474511748009,0.0734059097978227,-0.080248833592535,0.00018093954392586536,0.016158647342995165,0.6703055629334025,0.9057971014492754,-1.8289855072463768,0.023250696835805735,0,0,0,0,0,0,0,0,0,0,0,0,0,0,1
0.09865333333333334,0.17993591402373113,1.4,-0.44,0.03245492420985931,83.3640728539196,20.413108640767216,152.16271992431632,52.32555705788044,354.4597929596631,-0.020749237947122863,0.014077243697205408,0.038724727838258165,-0.06967340590979783,0.0001562212820361778,0.04956657004830919,0.23122576134848338,0.553623188405797,-0.5971014492753624,0.003651189192640131,1,1,0,0,0,0,0,0,1,0,0,0,0,0,1
0.09803933333333334,0.17914483652310184,1.4,-0.425,0.03378201828633281,87.44200584092752,19.26918849779279,147.97667535968588,62.99997069768805,399.0216916056611,-0.020701669258683258,0.012480499878567716,0.053654743390357695,-0.06345256609642301,0.00010271632779749639,0.04857275362318841,0.26368634357413284,0.4115942028985507,-0.6072463768115942,0.004661518352275578,0,0,0,0,0,0,0,0,0,0,0,0,0,0,1
0.09818800000000001,0.17958629306269452,1.34,-0.46,0.033251924649669924,83.18800781953124,19.606352109999253,146.51155976206522,55.465090481353265,406.13423051975224,-0.020592597200622086,0.010891583304491219,0.037791601866251946,-0.060964230171073094,0.0001070708475229625,0.035113043478260865,0.3407072143361821,0.5159420289855072,-0.7710144927536232,0.00845773449025865,0,0,0,0,0,0,0,0,0,0,0,0,0,0,1
0.09747399999999999,0.18122377324917024,1.36,-0.445,0.03433328320476972,83.78898428419335,19.19229536664869,145.46504862090762,54.62788156842718,397.24468743099226,-0.020814017625712805,0.0112276955750823,0.037947122861586316,-0.05132192846034215,0.0001092796202688611,0.04990183574879227,0.2775131109257551,0.4782608695652174,-0.6840579710144927,0.004494354765016073,1,0,0,0,0,0,0,0,0,0,0,0,0,0,1
0.097588,0.18183066001823417,1.36,-0.435,0.03406861038787972,90.41797654977834,20.472451841709926,159.48829791241957,59.6511350459837,429.52647615818853,-0.020828491446345257,0.016486807464536183,0.07060653188180405,-0.07527216174183515,0.0001440817956178515,0.02642260869565217,0.2260248116689119,0.3826086956521739,-0.6115942028985507,0.005337596002747058,1,0,0,0,0,0,0,0,0,0,0,0,0,0,1
0.09678000000000002,0.1814176165646545,1.335,-0.455,0.03481780229188481,88.43990305120788,20.85489934741131,157.39527563010435,57.767414991900004,443.6218156080294,-0.02011353032659409,0.010956670678564975,0.2401244167962675,-0.19657853810264386,0.00010146322665897384,0.04491826086956523,0.29575160480750695,0.4971014492753623,-0.8173913043478261,0.005780881594457018,1,0,0,0,0,0,0,0,0,0,0,0,0,0,1
0.096626,0.17711485762257967,1.345,-0.46,0.03195637413075072,94.13423528640219,22.629563357678315,178.74410290971957,58.18601944836305,462.5196537965933,-0.02142208398133748,0.025480945288322534,0.10186625194401244,-0.16423017107309487,0.00020067565937250683,-0.00500850241545894,0.6646920722442795,1.3869565217391304,-1.8217391304347825,0.03320686523329537,1,0,0,0,0,0,0,0,0,0,0,0,0,0,1
0.09603133333333332,0.24342032170347286,2.705,-2.9,0.06396187651095404,90.40276725452685,25.81905518510358,186.90688981074894,47.93021026501848,556.1341780949936,-0.020044748574390876,0.05188114514102068,0.17776049766718507,-0.23297045101088648,0.001005205085364354,0.12966454106280198,1.4323844230849578,2.1782608695652175,-2.2072463768115944,0.37343397283551993,1,1,0,0,0,0,0,0,1,0,0,0,0,0,1
0.096318,0.12521634428460207,0.93,-0.415,0.016503576226394596,76.95830839148447,20.953031960436636,139.39528400219348,48.76741917794457,473.29594289812707,-0.0209585277345775,0.026084286524578996,0.08460342146189735,-0.14401244167962676,0.0001873180310606368,0.20951111111111112,0.8834610515946398,1.5956521739130434,-2.0579710144927534,0.03567532748640901,0,0,0,0,0,0,0,0,0,1,0,0,0,0,0
0.09658,0.12460870863092462,0.925,-0.335,0.015672850964128692,71.32336217518038,18.17132951808024,122.2325012872087,47.93021026501848,364.51329189395926,-0.020595147744945568,0.01139459711626685,0.021150855365474338,-0.08786936236391912,0.00010888458381393258,0.10531864734299518,0.7624218575513484,0.9130434782608695,-1.8318840579710145,0.028959012949893805,0,0,0,0,0,0,0,0,0,1,0,0,0,0,0
0.094666,0.1210980254889952,0.925,-0.335,0.014975610464107808,68.10541018353014,17.280176959802667,114.69762107087392,45.2092812980087,314.94356685251756,-0.021031912908242616,0.01744953931456462,0.10435458786936236,-0.10839813374805599,0.00027002432555805176,-0.00023130434782607002,0.6877731044164668,0.782608695652174,-1.627536231884058,0.028067080765210254,0,0,0,0,0,0,0,0,0,1,0,0,0,0,0
0.09328533333333333,0.12206735811928683,0.925,-0.34,0.015722148491270443,67.02736417331899,17.119937952537658,113.23250547325327,44.37207238508261,316.5316929621608,-0.020260010368066354,0.021809796890888432,0.0968895800933126,-0.10139968895800933,0.00037242854206131484,0.02528077294685992,0.6355675603073496,0.7956521739130434,-1.5913043478260869,0.01993812232780536,0,0,0,0,0,0,0,0,0,0,0,1,0,0,0
0.09254266666666666,0.11734797901777241,0.935,-0.355,0.012453070435829331,67.51520580688101,18.164103118250868,128.0929636776913,44.37207238508261,359.7728135648492,-0.020177874546397096,0.02685194042299683,0.14727838258164852,-0.1181959564541213,0.00039518080075995565,0.03616328502415465,0.5359929589658415,0.8840579710144928,-1.7420289855072464,0.014801604312402681,0,0,0,0,0,0,0,0,0,0,0,1,0,0,0
